id,movie_id,provider_name
0,508947,Disney Plus
1,785985,Netflix
2,284052,Disney Plus
3,829557,Netflix
4,568124,Disney Plus
5,951470,Netflix
6,294793,Amazon Prime Video
7,606402,Netflix
8,585083,Amazon Prime Video
9,696806,Netflix
10,580489,Netflix
11,774825,Disney Plus
12,635302,Watcha
13,524434,Disney Plus
14,566525,Disney Plus
15,833425,Disney Plus
16,19995,Disney Plus
17,760868,Netflix
18,476669,Disney Plus
19,949270,Netflix
20,778106,Netflix
21,843241,Netflix
22,678287,Netflix
23,632727,Netflix
24,459151,Netflix
25,860623,wavve
26,299536,Disney Plus
27,1865,Disney Plus
28,955971,Netflix
29,818750,Netflix
30,58,Disney Plus
31,454626,Netflix
32,512195,Netflix
33,928381,Netflix
34,877183,Disney Plus
35,926899,Netflix
36,285,Disney Plus
37,22,Disney Plus
38,337404,Disney Plus
39,890656,Netflix
40,829920,Watcha
41,783461,Netflix
42,550988,Disney Plus
43,270303,wavve
44,508943,Disney Plus
45,385128,Netflix
46,299534,Disney Plus
47,589761,Watcha
48,840882,Netflix
49,597208,Disney Plus
50,818647,Netflix
51,803104,Disney Plus
52,24428,Disney Plus
53,166426,Disney Plus
54,497698,Disney Plus
55,482321,Disney Plus
56,451048,Disney Plus
57,811072,Netflix
58,739993,Netflix
59,774741,Disney Plus
60,916740,Netflix
61,516329,Disney Plus
62,597,Disney Plus
63,522402,Apple TV Plus
64,619979,Amazon Prime Video
65,685274,Netflix
66,632357,Netflix
67,505026,Disney Plus
68,682344,Netflix
69,671,Watcha
70,529203,Netflix
71,962697,Netflix
72,527774,Disney Plus
73,811592,wavve
74,615457,Netflix
75,99861,Disney Plus
76,739413,Netflix
77,755812,Disney Plus
78,588228,Amazon Prime Video
79,800407,Netflix
80,1930,Watcha
81,482373,Netflix
82,198663,Disney Plus
83,770254,Netflix
84,876716,Disney Plus
85,800937,Netflix
86,293660,Disney Plus
87,765119,Netflix
88,926980,Netflix
89,610253,Netflix
90,354912,Disney Plus
91,458576,Netflix
92,691683,Disney Plus
93,617653,Disney Plus
94,895001,Netflix
95,10138,Disney Plus
96,674,wavve
97,106646,Watcha
98,602223,Netflix
99,862,Disney Plus
100,939336,Disney Plus
101,118,Watcha
102,949218,Amazon Prime Video
103,672,wavve
104,324786,Watcha
105,785521,Netflix
106,50014,Disney Plus
107,12445,wavve
108,756403,Netflix
109,767,wavve
110,745881,Netflix
111,372058,Watcha
112,763164,Watcha
113,315635,Watcha
114,673,wavve
115,335983,Watcha
116,808,wavve
117,525660,Watcha
118,177572,Disney Plus
119,400160,Netflix
120,511809,Disney Plus
121,585,Disney Plus
122,796499,Netflix
123,271110,Disney Plus
124,928769,Netflix
125,284053,Disney Plus
126,675,wavve
127,8587,Disney Plus
128,12444,wavve
129,537915,Netflix
130,768447,wavve
131,591120,Netflix
132,890322,Netflix
133,508442,Disney Plus
134,848278,Watcha
135,24021,Netflix
136,953300,Netflix
137,831827,Disney Plus
138,138843,Watcha
139,826953,Disney Plus
140,10195,Disney Plus
141,885110,Netflix
142,809,wavve
143,929472,Netflix
144,348893,Netflix
145,102382,Netflix
146,813258,Amazon Prime Video
147,571891,wavve
148,571265,wavve
149,532067,Watcha
150,623135,Netflix
151,863,Disney Plus
152,330457,Disney Plus
153,706972,Watcha
154,760195,Netflix
155,18240,Disney Plus
156,2062,Disney Plus
157,207703,Disney Plus
158,744,Watcha
159,216015,wavve
160,425,Disney Plus
161,337401,Disney Plus
162,122917,wavve
163,10144,Disney Plus
164,550205,Netflix
165,10198,Disney Plus
166,654974,Disney Plus
167,72545,Netflix
168,604822,wavve
169,899082,wavve
170,728526,Amazon Prime Video
171,529106,Netflix
172,228150,Watcha
173,146375,wavve
174,14161,Watcha
175,503736,Netflix
176,301528,Disney Plus
177,836009,Netflix
178,672322,Netflix
179,76338,Disney Plus
180,632632,Watcha
181,8960,Netflix
182,592508,Netflix
183,260514,Disney Plus
184,447404,wavve
185,18785,Netflix
186,15092,wavve
187,72190,Watcha
188,618162,Netflix
189,568160,Watcha
190,3933,Watcha
191,109445,Disney Plus
192,383498,Disney Plus
193,825997,Watcha
194,845222,Netflix
195,871964,Netflix
196,1726,Disney Plus
197,790525,Netflix
198,32657,Disney Plus
199,38575,Watcha
200,557,Netflix
201,68721,Disney Plus
202,157336,Watcha
203,260346,Disney Plus
204,68726,Watcha
205,378064,Watcha
206,729720,Netflix
207,929477,Netflix
208,11224,Disney Plus
209,283566,Amazon Prime Video
210,619297,Netflix
211,741074,Disney Plus
212,882206,Netflix
213,850818,Netflix
214,8966,Watcha
215,630586,wavve
216,420809,Disney Plus
217,22832,wavve
218,4247,wavve
219,567189,Amazon Prime Video
220,123553,Watcha
221,10674,Disney Plus
222,630004,Watcha
223,38757,Disney Plus
224,597316,Netflix
225,921655,Netflix
226,641501,Netflix
227,35,Disney Plus
228,559,Netflix
229,49013,Disney Plus
230,636879,Watcha
231,343668,Disney Plus
232,299537,Disney Plus
233,842171,Netflix
234,9820,Disney Plus
235,43347,Disney Plus
236,581387,Watcha
237,845404,Netflix
238,337167,Netflix
239,14160,Disney Plus
240,927070,Disney Plus
241,12,Disney Plus
242,296096,Watcha
243,789708,Netflix
244,436931,wavve
245,790142,Netflix
246,283995,Disney Plus
247,9539,wavve
248,324857,Watcha
249,102651,Disney Plus
250,50620,Netflix
251,785538,Netflix
252,740925,Netflix
253,91314,wavve
254,768449,wavve
255,131631,wavve
256,50619,Netflix
257,591273,Netflix
258,27205,Watcha
259,120,Watcha
260,10193,Disney Plus
261,590706,wavve
262,76341,Watcha
263,676845,wavve
264,810,Netflix
265,1771,Disney Plus
266,591274,Netflix
267,553301,Watcha
268,640265,Apple TV Plus
269,49529,Disney Plus
270,646380,Netflix
271,11544,Disney Plus
272,595743,Netflix
273,44943,Netflix
274,38365,Netflix
275,254128,Watcha
276,420818,Disney Plus
277,345938,Watcha
278,9806,Disney Plus
279,811367,Disney Plus
280,75780,Watcha
281,45243,Netflix
282,8355,Disney Plus
283,119450,Disney Plus
284,72105,Netflix
285,512200,Netflix
286,637534,Netflix
287,72331,Disney Plus
288,34851,Disney Plus
289,615658,Netflix
290,294254,Disney Plus
291,662708,wavve
292,246655,Disney Plus
293,121,wavve
294,778552,Watcha
295,398818,Netflix
296,817648,Netflix
297,11322,wavve
298,10192,Netflix
299,396535,wavve
300,49530,Disney Plus
301,411,Disney Plus
302,760517,Netflix
303,10020,Disney Plus
304,109418,Watcha
305,312221,Watcha
306,7980,Watcha
307,449406,Netflix
308,727745,Netflix
309,858815,Netflix
310,572154,Watcha
311,12429,Netflix
312,723072,wavve
313,665251,Netflix
314,82690,Disney Plus
315,404368,Disney Plus
316,4248,wavve
317,49051,Watcha
318,410113,Netflix
319,122,wavve
320,9836,Watcha
321,260513,Disney Plus
322,927855,Netflix
323,725273,Watcha
324,82675,Disney Plus
325,10358,wavve
326,127585,Disney Plus
327,209112,Watcha
328,150540,Disney Plus
329,46195,Disney Plus
330,10567,Disney Plus
331,9502,Watcha
332,11970,Disney Plus
333,12155,Disney Plus
334,408,Disney Plus
335,8920,Disney Plus
336,9732,Disney Plus
337,137113,Watcha
338,645886,Netflix
339,109439,Netflix
340,4258,wavve
341,336843,Disney Plus
342,881211,Apple TV Plus
343,57800,Disney Plus
344,57158,wavve
345,10009,Disney Plus
346,553604,Watcha
347,585216,Netflix
348,269149,Disney Plus
349,93456,wavve
350,581392,wavve
351,18239,Netflix
352,297762,Netflix
353,364689,Disney Plus
354,530079,Watcha
355,597433,Netflix
356,284054,Disney Plus
357,225886,Netflix
358,87101,wavve
359,11688,Disney Plus
360,775996,Netflix
361,268896,Netflix
362,9487,Disney Plus
363,190859,Netflix
364,70981,Disney Plus
365,476292,Watcha
366,198184,Watcha
367,62211,Disney Plus
368,81188,Watcha
369,324552,wavve
370,458156,wavve
371,772272,Netflix
372,155,wavve
373,335988,Netflix
374,50546,Netflix
375,22803,wavve
376,664413,Netflix
377,102899,Disney Plus
378,27578,Netflix
379,850018,Netflix
380,607259,Netflix
381,664236,Netflix
382,874948,Netflix
383,486589,wavve
384,953,wavve
385,12153,Watcha
386,272,Watcha
387,454983,Netflix
388,49521,Watcha
389,270946,wavve
390,597398,Watcha
391,41630,Netflix
392,343611,wavve
393,730840,Netflix
394,37135,Disney Plus
395,597891,Netflix
396,21208,Netflix
397,105864,Disney Plus
398,739990,Netflix
399,49519,wavve
400,496243,Watcha
401,12092,Disney Plus
402,950,Disney Plus
403,420817,Disney Plus
404,126889,Disney Plus
405,340102,Disney Plus
406,20352,wavve
407,9552,wavve
408,8363,Netflix
409,263115,Disney Plus
410,136797,Disney Plus
411,615677,Netflix
412,14869,Watcha
413,316727,wavve
414,512025,Netflix
415,645856,Watcha
416,10895,Disney Plus
417,1579,wavve
418,857702,Disney Plus
419,156022,Netflix
420,560144,wavve
421,62177,Disney Plus
422,166424,Disney Plus
423,10681,Disney Plus
424,76726,Disney Plus
425,278154,Disney Plus
426,16996,wavve
427,561,Watcha
428,158015,wavve
429,662237,Netflix
430,431819,Watcha
431,82702,wavve
432,504253,Watcha
433,809314,Watcha
434,527641,Watcha
435,11,Disney Plus
436,656940,Watcha
437,19908,wavve
438,150689,Disney Plus
439,714968,wavve
440,879440,Netflix
441,52520,Netflix
442,129,Netflix
443,447332,Netflix
444,544401,Apple TV Plus
445,3170,Disney Plus
446,667520,Netflix
447,629028,wavve
448,157544,Watcha
449,321612,Disney Plus
450,9543,Disney Plus
451,193893,Disney Plus
452,74513,Watcha
453,920,Disney Plus
454,671043,Netflix
455,767377,Netflix
456,346364,Netflix
457,136799,Netflix
458,669671,Netflix
459,12230,Disney Plus
460,553835,Watcha
461,347626,Netflix
462,606523,Netflix
463,671583,Disney Plus
464,210577,Disney Plus
465,760747,Netflix
466,16869,wavve
467,49444,wavve
468,7445,Watcha
469,1724,wavve
470,60304,wavve
471,413594,Watcha
472,297761,Watcha
473,27576,Watcha
474,681019,Netflix
475,11430,Disney Plus
476,4935,Netflix
477,8645,Disney Plus
478,663558,Netflix
479,41154,Netflix
480,738215,Netflix
481,249070,Disney Plus
482,812456,Netflix
483,287590,Watcha
484,351819,wavve
485,730154,Watcha
486,657644,Netflix
487,10191,wavve
488,75656,Watcha
489,609202,Watcha
490,105965,Disney Plus
491,281338,Disney Plus
492,9479,Disney Plus
493,75258,Disney Plus
494,9325,Disney Plus
495,346910,Disney Plus
496,20526,Disney Plus
497,68718,Netflix
498,1374,wavve
499,599281,Watcha
500,140300,wavve
501,871875,Netflix
502,2454,Disney Plus
503,338967,Watcha
504,91586,Netflix
505,14128,Disney Plus
506,929436,Netflix
507,578908,Netflix
508,80321,wavve
509,603,Watcha
510,680860,Amazon Prime Video
511,100402,Disney Plus
512,581389,Netflix
513,277217,Disney Plus
514,339403,Watcha
515,11836,Watcha
516,602063,Netflix
517,846167,Netflix
518,363088,Disney Plus
519,9730,wavve
520,184315,Watcha
521,397567,Watcha
522,117263,Netflix
523,118340,Disney Plus
524,614696,Netflix
525,933357,Netflix
526,922017,Netflix
527,338762,Watcha
528,179826,Watcha
529,265712,Netflix
530,351694,wavve
531,28510,wavve
532,882093,Netflix
533,240832,Netflix
534,76757,Watcha
535,812,Disney Plus
536,181812,Disney Plus
537,10054,wavve
538,228326,Disney Plus
539,43074,Netflix
540,37710,Watcha
541,400155,Amazon Prime Video
542,11036,wavve
543,14405,Disney Plus
544,181808,Disney Plus
545,594328,Disney Plus
546,4256,wavve
547,245891,wavve
548,718867,Netflix
549,9738,Disney Plus
550,1979,Disney Plus
551,793723,Netflix
552,273481,wavve
553,283366,Disney Plus
554,11360,Disney Plus
555,604360,Netflix
556,11674,Disney Plus
557,958080,Netflix
558,10585,Watcha
559,809968,Netflix
560,864873,Netflix
561,645710,Amazon Prime Video
562,257344,Watcha
563,140607,Disney Plus
564,662546,Disney Plus
565,832277,Netflix
566,13448,Netflix
567,256591,Watcha
568,339984,Netflix
569,290859,Disney Plus
570,10137,Watcha
571,396422,Netflix
572,38322,Amazon Prime Video
573,20048,Disney Plus
574,350499,wavve
575,172385,Disney Plus
576,13688,Watcha
577,276907,Netflix
578,381284,Disney Plus
579,51876,Watcha
580,359724,Disney Plus
581,222935,Disney Plus
582,853588,Netflix
583,273477,wavve
584,44571,Watcha
585,1366,Watcha
586,550,Disney Plus
587,22881,Watcha
588,19913,Disney Plus
589,286217,Disney Plus
590,320288,Disney Plus
591,17654,wavve
592,6479,Watcha
593,16119,Disney Plus
594,43947,wavve
595,506574,Disney Plus
596,9725,wavve
597,471707,Watcha
598,37724,wavve
599,739542,Netflix
600,61791,Disney Plus
601,8329,Watcha
602,11351,wavve
603,131634,Netflix
604,9948,Disney Plus
605,591275,Netflix
606,10201,Netflix
607,581528,Netflix
608,81005,wavve
609,768334,Netflix
610,575088,Watcha
611,13053,Disney Plus
612,250546,wavve
613,399579,Disney Plus
614,560050,Netflix
615,205584,Watcha
616,4523,Disney Plus
617,804435,Watcha
618,497,Netflix
619,117251,Watcha
620,756,Disney Plus
621,580532,Watcha
622,200727,Watcha
623,48340,Watcha
624,10527,Watcha
625,936625,Netflix
626,10882,Disney Plus
627,10386,Watcha
628,238636,wavve
629,454640,Watcha
630,175112,Disney Plus
631,300671,Netflix
632,335984,Watcha
633,466282,Netflix
634,484718,Amazon Prime Video
635,710871,Netflix
636,950511,Netflix
637,602301,wavve
638,10693,Disney Plus
639,59440,Watcha
640,47933,Disney Plus
641,13654,Disney Plus
642,147441,Disney Plus
643,13475,Watcha
644,200085,Watcha
645,847981,Netflix
646,382190,wavve
647,34544,Disney Plus
648,790523,Netflix
649,48171,Netflix
650,406563,Watcha
651,14574,Watcha
652,14191,Disney Plus
653,37834,Disney Plus
654,502581,Netflix
655,87818,wavve
656,106,Disney Plus
657,350,Disney Plus
658,58574,wavve
659,621870,Disney Plus
660,59859,wavve
661,64635,Netflix
662,19994,Disney Plus
663,56292,wavve
664,57201,Disney Plus
665,174772,Watcha
666,400535,Watcha
667,75948,Watcha
668,187017,wavve
669,428707,Watcha
670,564,Netflix
671,347548,Watcha
672,16871,Watcha
673,615678,Netflix
674,278,Watcha
675,652,wavve
676,407439,Netflix
677,11187,wavve
678,1250,Watcha
679,280092,Netflix
680,615666,Netflix
681,339964,Watcha
682,34813,Netflix
683,19840,Disney Plus
684,899405,Netflix
685,583083,Netflix
686,576393,Netflix
687,22794,Watcha
688,15070,wavve
689,381289,Watcha
690,254470,wavve
691,1734,Netflix
692,593910,Amazon Prime Video
693,8065,Netflix
694,651571,Watcha
695,353486,Watcha
696,9078,Disney Plus
697,854,Netflix
698,600583,Netflix
699,538235,Watcha
700,524047,Watcha
701,12242,Disney Plus
702,10112,Disney Plus
703,10625,Watcha
704,11770,Watcha
705,346672,Watcha
706,587996,Netflix
707,14001,Netflix
708,10340,Disney Plus
709,475215,Watcha
710,70160,Watcha
711,649928,Netflix
712,531309,Watcha
713,494407,wavve
714,101299,wavve
715,241259,Disney Plus
716,277216,Netflix
717,162,Disney Plus
718,786705,Netflix
719,11249,wavve
720,857,Watcha
721,727293,Amazon Prime Video
722,326359,Disney Plus
723,524251,Netflix
724,297270,Disney Plus
725,433945,Watcha
726,785752,Netflix
727,508439,Disney Plus
728,159824,Watcha
729,291870,wavve
730,72431,Disney Plus
731,10555,Netflix
732,749618,Netflix
733,760883,Netflix
734,17610,Netflix
735,7485,wavve
736,47964,Disney Plus
737,37165,Watcha
738,12244,wavve
739,274855,Netflix
740,38055,Netflix
741,13971,Netflix
742,345887,Watcha
743,9297,Netflix
744,136795,Disney Plus
745,9488,wavve
746,680,wavve
747,11186,wavve
748,315465,Watcha
749,10202,Disney Plus
750,10010,Disney Plus
751,228165,Netflix
752,440,Disney Plus
753,9378,Watcha
754,548066,Watcha
755,50544,Netflix
756,9016,Disney Plus
757,23631,wavve
758,170,Disney Plus
759,22824,Watcha
760,300669,Netflix
761,1427,Watcha
762,8392,Netflix
763,481848,Disney Plus
764,9444,Disney Plus
765,378108,Watcha
766,329865,Watcha
767,546554,Watcha
768,797394,Netflix
769,256835,Disney Plus
770,424277,Watcha
771,95,Disney Plus
772,621876,Disney Plus
773,545609,Netflix
774,258489,Watcha
775,17134,Disney Plus
776,881594,Netflix
777,417320,Disney Plus
778,10521,Disney Plus
779,1417,Watcha
780,302666,Watcha
781,765245,Apple TV Plus
782,614409,Netflix
783,621013,Amazon Prime Video
784,72710,Watcha
785,514710,Netflix
786,302699,Watcha
787,13,Watcha
788,37797,Netflix
789,14442,wavve
790,406990,Watcha
791,923632,Netflix
792,405774,Netflix
793,105,Watcha
794,649087,Netflix
795,9769,Watcha
796,218,wavve
797,342588,Watcha
798,474392,Watcha
799,223702,Netflix
800,192141,Watcha
801,59962,Disney Plus
802,835739,Netflix
803,5559,Netflix
804,689249,Netflix
805,14164,Disney Plus
806,530915,Watcha
807,826914,Disney Plus
808,291805,wavve
809,55301,Disney Plus
810,36557,wavve
811,64688,wavve
812,764,Watcha
813,25475,Disney Plus
814,82700,Netflix
815,348350,Disney Plus
816,18861,Watcha
817,763149,Netflix
818,619264,Netflix
819,785539,Netflix
820,53182,Netflix
821,281957,Netflix
822,10225,wavve
823,87428,Netflix
824,445030,Watcha
825,9072,Netflix
826,58595,Watcha
827,114,Disney Plus
828,399402,Watcha
829,81796,Watcha
830,157547,Watcha
831,110415,Watcha
832,637920,Netflix
833,297,wavve
834,623491,Netflix
835,310,Disney Plus
836,10140,Disney Plus
837,43949,Watcha
838,348,Disney Plus
839,333484,Watcha
840,381890,Watcha
841,77951,Disney Plus
842,127380,Disney Plus
843,278927,Disney Plus
844,11324,Watcha
845,20453,Netflix
846,298115,Netflix
847,735364,Netflix
848,676,Disney Plus
849,16577,wavve
850,206647,wavve
851,920394,Netflix
852,726208,Netflix
853,13460,wavve
854,537116,Netflix
855,254,wavve
856,14306,Watcha
857,637,Watcha
858,10283,wavve
859,802504,Netflix
860,1371,wavve
861,10830,Netflix
862,87827,Disney Plus
863,255718,Netflix
864,449443,Watcha
865,62214,Disney Plus
866,424,Watcha
867,772,Disney Plus
868,68735,Watcha
869,471335,Watcha
870,10591,Amazon Prime Video
871,644092,Netflix
872,654028,Netflix
873,321258,Netflix
874,522681,Watcha
875,799844,Amazon Prime Video
876,466272,Netflix
877,509967,Netflix
878,342470,Netflix
879,18126,Disney Plus
880,27581,Watcha
881,878962,Netflix
882,9904,Disney Plus
883,119283,wavve
884,82693,Netflix
885,109451,Netflix
886,13700,Disney Plus
887,37735,Watcha
888,98,Watcha
889,244786,Watcha
890,450465,Disney Plus
891,6477,Disney Plus
892,189,wavve
893,49040,wavve
894,49524,wavve
895,683127,Netflix
896,181533,Disney Plus
897,43959,Watcha
898,80035,Disney Plus
899,522162,Watcha
900,431693,Disney Plus
901,43593,wavve
902,9728,wavve
903,301804,Watcha
904,542178,Disney Plus
905,515454,Watcha
906,417859,Watcha
907,400928,Disney Plus
908,590223,Netflix
909,74998,wavve
910,390734,Watcha
911,513347,Netflix
912,726916,Netflix
913,1927,wavve
914,11886,Disney Plus
915,13387,Watcha
916,24122,wavve
917,76285,Disney Plus
918,471506,Watcha
919,838484,Netflix
920,146233,Netflix
921,16523,Watcha
922,267935,Disney Plus
923,431075,Watcha
924,665828,Netflix
925,23398,Disney Plus
926,411088,wavve
927,290764,Watcha
928,869,Disney Plus
929,22970,Netflix
930,10281,wavve
931,270771,Watcha
932,493922,Watcha
933,640,Watcha
934,839100,Netflix
935,8643,Netflix
936,757860,Netflix
937,807,Netflix
938,116711,Disney Plus
939,522518,Watcha
940,4348,Watcha
941,11237,Netflix
942,607,Watcha
943,9880,Disney Plus
944,570503,wavve
945,287948,Watcha
946,323372,wavve
947,310131,Watcha
948,700127,Netflix
949,603768,Netflix
950,675490,Watcha
951,54138,Netflix
952,242828,Netflix
953,578,Netflix
954,1690,Netflix
955,185341,wavve
956,41513,Watcha
957,518068,wavve
958,429450,wavve
959,11631,Watcha
960,605,wavve
961,44833,wavve
962,653740,Watcha
963,201088,Netflix
964,1495,Disney Plus
965,530385,Netflix
966,1895,Disney Plus
967,602,Disney Plus
968,912598,Netflix
969,296,Watcha
970,604,wavve
971,68724,Netflix
972,119892,Watcha
973,10530,Disney Plus
974,198375,Watcha
975,20943,wavve
976,330459,Disney Plus
977,575803,Watcha
978,216282,Watcha
979,8204,wavve
980,207768,wavve
981,405882,Watcha
982,177677,wavve
983,680531,Amazon Prime Video
984,595149,wavve
985,924,wavve
986,169,Disney Plus
987,158011,wavve
988,1375,wavve
989,153518,Netflix
990,82881,Disney Plus
991,665,wavve
992,608,wavve
993,26338,wavve
994,602288,wavve
995,760336,Netflix
996,11852,Disney Plus
997,258230,wavve
998,533642,wavve
999,7131,wavve
1000,13179,Disney Plus
1001,331482,Watcha
1002,7443,Netflix
1003,158852,Disney Plus
1004,15512,Netflix
1005,18360,Disney Plus
1006,624963,Netflix
1007,169209,wavve
1008,298250,wavve
1009,44683,Disney Plus
1010,1364,wavve
1011,525661,Watcha
1012,333596,Netflix
1013,242,Watcha
1014,1267,Disney Plus
1015,9731,wavve
1016,49021,wavve
1017,78215,Watcha
1018,796849,Netflix
1019,4108,Disney Plus
1020,440597,Watcha
1021,8961,wavve
1022,1970,wavve
1023,192577,wavve
1024,1894,Disney Plus
1025,167032,wavve
1026,633515,Netflix
1027,286567,Watcha
1028,558,Netflix
1029,60747,wavve
1030,4552,Watcha
1031,318256,Netflix
1032,823855,Netflix
1033,1271,wavve
1034,1587,Watcha
1035,1367,wavve
1036,397243,wavve
1037,73245,wavve
1038,205596,Netflix
1039,387893,Disney Plus
1040,787752,Disney Plus
1041,568091,Netflix
1042,45612,Watcha
1043,950445,Netflix
1044,11130,Disney Plus
1045,501929,Netflix
1046,43539,Netflix
1047,378236,Watcha
1048,1893,Disney Plus
1049,13680,Disney Plus
1050,379149,Watcha
1051,11978,Disney Plus
1052,10545,Disney Plus
1053,334298,Watcha
1054,1246,wavve
1055,74,Watcha
1056,151960,Disney Plus
1057,634210,wavve
1058,403310,Watcha
1059,354556,Watcha
1060,58233,wavve
1061,357096,wavve
1062,516632,Disney Plus
1063,228066,Disney Plus
1064,20760,Disney Plus
1065,13761,Disney Plus
1066,406997,Watcha
1067,11247,Watcha
1068,956,wavve
1069,432130,Watcha
1070,9470,Netflix
1071,10515,Netflix
1072,13183,Netflix
1073,483539,Watcha
1074,419743,Watcha
1075,913862,Netflix
1076,1402,Watcha
1077,257475,Watcha
1078,10065,Watcha
1079,714338,Netflix
1080,424998,Watcha
1081,711475,Netflix
1082,608195,wavve
1083,6114,Watcha
1084,401469,Watcha
1085,72559,wavve
1086,26389,wavve
1087,16995,wavve
1088,484510,Netflix
1089,1813,Netflix
1090,716258,Amazon Prime Video
1091,193756,Watcha
1092,114150,Watcha
1093,332210,Watcha
1094,58224,Disney Plus
1095,636291,Watcha
1096,437109,wavve
1097,472516,Watcha
1098,767504,Amazon Prime Video
1099,249660,Watcha
1100,489,Watcha
1101,2503,wavve
1102,640793,Watcha
1103,414,wavve
1104,810873,Netflix
1105,197,Disney Plus
1106,110420,Watcha
1107,483455,Watcha
1108,228967,Netflix
1109,38579,Amazon Prime Video
1110,9335,Disney Plus
1111,2383,Watcha
1112,10439,Disney Plus
1113,717192,Netflix
1114,8456,Watcha
1115,260372,Watcha
1116,41233,wavve
1117,547565,Disney Plus
1118,575774,Netflix
1119,670428,Watcha
1120,354282,wavve
1121,433,Disney Plus
1122,239523,Watcha
1123,633954,Netflix
1124,2251,Disney Plus
1125,726429,Netflix
1126,283984,Watcha
1127,4234,wavve
1128,458594,Watcha
1129,598331,wavve
1130,857910,Netflix
1131,302401,Watcha
1132,28874,Watcha
1133,68728,Disney Plus
1134,22538,wavve
1135,238615,Watcha
1136,458220,Apple TV Plus
1137,10528,Watcha
1138,10474,wavve
1139,692969,Netflix
1140,1949,Watcha
1141,10996,wavve
1142,9291,Watcha
1143,17979,Disney Plus
1144,274870,Netflix
1145,776909,Netflix
1146,360249,Watcha
1147,508763,Watcha
1148,109414,wavve
1149,449176,Disney Plus
1150,681429,Watcha
1151,121856,Netflix
1152,1924,wavve
1153,271969,Watcha
1154,193610,Disney Plus
1155,11238,Disney Plus
1156,22804,wavve
1157,181283,wavve
1158,103,Netflix
1159,395,Disney Plus
1160,443791,Disney Plus
1161,350312,Netflix
1162,718633,Netflix
1163,277,wavve
1164,871,Disney Plus
1165,59108,wavve
1166,399360,Watcha
1167,1735,Netflix
1168,589713,Watcha
1169,882098,Netflix
1170,17101,Netflix
1171,949,Amazon Prime Video
1172,809972,Netflix
1173,299687,Watcha
1174,5876,Watcha
1175,440471,Watcha
1176,929,Netflix
1177,34297,wavve
1178,741998,Netflix
1179,417384,Watcha
1180,122906,Watcha
1181,458253,Watcha
1182,1124,Watcha
1183,911071,Amazon Prime Video
1184,315837,Netflix
1185,15969,Disney Plus
1186,606856,Disney Plus
1187,324542,Watcha
1188,16859,Netflix
1189,207,Disney Plus
1190,399361,Netflix
1191,356305,Disney Plus
1192,4922,Watcha
1193,10947,Disney Plus
1194,9509,Watcha
1195,9679,Disney Plus
1196,6795,Watcha
1197,44728,wavve
1198,796428,Amazon Prime Video
1199,666624,Netflix
1200,128,Netflix
1201,855,Watcha
1202,258509,Disney Plus
1203,45772,Disney Plus
1204,679,Disney Plus
1205,9603,Netflix
1206,399055,Disney Plus
1207,9837,Netflix
1208,409421,Netflix
1209,121734,Watcha
1210,17111,Watcha
1211,136400,Netflix
1212,785533,Netflix
1213,601980,Watcha
1214,86834,Watcha
1215,567748,Netflix
1216,1452,wavve
1217,7451,Watcha
1218,499028,Watcha
1219,9334,Netflix
1220,13205,Disney Plus
1221,340837,Netflix
1222,82390,wavve
1223,8698,Disney Plus
1224,2082,wavve
1225,946327,Netflix
1226,620,Netflix
1227,617126,Disney Plus
1228,1637,Disney Plus
1229,374853,Watcha
1230,274857,Netflix
1231,137106,Watcha
1232,347969,Netflix
1233,400136,Netflix
1234,4951,Disney Plus
1235,559969,Netflix
1236,8373,wavve
1237,259694,Watcha
1238,11298,wavve
1239,290595,wavve
1240,722778,Netflix
1241,10867,wavve
1242,142,Watcha
1243,5689,wavve
1244,483980,Disney Plus
1245,80274,Watcha
1246,1422,Watcha
1247,316029,Disney Plus
1248,137116,Netflix
1249,257211,Watcha
1250,776515,Netflix
1251,214553,Watcha
1252,405775,Amazon Prime Video
1253,806950,Amazon Prime Video
1254,9762,Watcha
1255,517088,Amazon Prime Video
1256,395990,Netflix
1257,9928,Disney Plus
1258,4233,wavve
1259,188927,Netflix
1260,327833,wavve
1261,351460,Netflix
1262,242546,Watcha
1263,442062,Watcha
1264,762469,Netflix
1265,236751,Watcha
1266,2675,Disney Plus
1267,419479,Netflix
1268,461053,Netflix
1269,559957,Netflix
1270,1255,Watcha
1271,34295,wavve
1272,1824,Watcha
1273,745,Disney Plus
1274,11283,wavve
1275,65,Watcha
1276,35019,wavve
1277,9594,wavve
1278,8358,Watcha
1279,3050,Disney Plus
1280,758510,Amazon Prime Video
1281,12594,wavve
1282,785537,Netflix
1283,536115,Watcha
1284,423,Watcha
1285,325348,wavve
1286,271706,Watcha
1287,10764,wavve
1288,551804,Netflix
1289,181656,wavve
1290,401981,Disney Plus
1291,16007,Watcha
1292,8835,Watcha
1293,575813,Watcha
1294,954,Watcha
1295,712121,DocAlliance Films
1296,559907,Watcha
1297,3981,Watcha
1298,9348,wavve
1299,84892,Watcha
1300,22843,Amazon Prime Video
1301,1975,wavve
1302,70436,wavve
1303,9323,Watcha
1304,625450,Netflix
1305,346648,wavve
1306,840283,Watcha
1307,785457,Netflix
1308,72570,Watcha
1309,12437,Netflix
1310,440021,wavve
1311,646,Watcha
1312,296524,Watcha
1313,329996,Disney Plus
1314,435,Disney Plus
1315,1577,wavve
1316,277834,Disney Plus
1317,480105,Watcha
1318,9737,wavve
1319,14069,Watcha
1320,2034,Netflix
1321,882102,Netflix
1322,9513,Disney Plus
1323,595280,Netflix
1324,16306,Mubi
1325,1571,Disney Plus
1326,879,Watcha
1327,392044,Disney Plus
1328,591,Watcha
1329,445651,Disney Plus
1330,15575,Watcha
1331,2123,Disney Plus
1332,42360,Watcha
1333,107846,Netflix
1334,490132,Watcha
1335,361380,Netflix
1336,13885,Netflix
1337,11619,Netflix
1338,638597,Netflix
1339,460399,wavve
1340,44214,Disney Plus
1341,339692,wavve
1342,26736,Disney Plus
1343,27582,Netflix
1344,732713,Amazon Prime Video
1345,37799,Watcha
1346,58431,Watcha
1347,302946,Watcha
1348,644089,Netflix
1349,12180,Disney Plus
1350,483906,Netflix
1351,5548,Watcha
1352,475430,Disney Plus
1353,11621,Netflix
1354,460793,Disney Plus
1355,933547,Netflix
1356,402529,Watcha
1357,137094,wavve
1358,10865,Disney Plus
1359,38142,Watcha
1360,441701,Watcha
1361,154400,Disney Plus
1362,300668,Netflix
1363,10823,wavve
1364,599521,Disney Plus
1365,1562,Disney Plus
1366,249164,Watcha
1367,149870,Netflix
1368,785534,Netflix
1369,600950,Watcha
1370,429415,Netflix
1371,565426,Netflix
1372,10228,Watcha
1373,393457,wavve
1374,257088,Watcha
1375,9567,Watcha
1376,93856,Watcha
1377,79218,Disney Plus
1378,532444,Watcha
1379,480881,Watcha
1380,833971,Netflix
1381,127533,Netflix
1382,778730,Netflix
1383,314095,Watcha
1384,1954,wavve
1385,787,Disney Plus
1386,452015,wavve
1387,353491,Watcha
1388,9360,Watcha
1389,384798,Watcha
1390,39514,Watcha
1391,513310,wavve
1392,111190,wavve
1393,2048,Disney Plus
1394,243683,Netflix
1395,27579,Netflix
1396,127372,Watcha
1397,618200,Watcha
1398,555974,Watcha
1399,454527,wavve
1400,24420,Watcha
1401,630566,Disney Plus
1402,75612,wavve
1403,525460,wavve
1404,9982,Disney Plus
1405,335778,Watcha
1406,15370,Netflix
1407,10661,Netflix
1408,19556,Disney Plus
1409,24,wavve
1410,399035,Watcha
1411,586954,Netflix
1412,752,Watcha
1413,460668,Watcha
1414,339988,Watcha
1415,1620,Disney Plus
1416,401905,wavve
1417,38,Watcha
1418,939356,Disney Plus
1419,10402,Disney Plus
1420,515001,Disney Plus
1421,171424,wavve
1422,438590,Watcha
1423,324668,wavve
1424,128246,Watcha
1425,395991,Watcha
1426,491480,Netflix
1427,405755,Watcha
1428,433808,Netflix
1429,1701,Disney Plus
1430,79224,Watcha
1431,2978,Watcha
1432,284427,Watcha
1433,694256,Netflix
1434,85446,wavve
1435,7518,Netflix
1436,76493,Netflix
1437,471498,Netflix
1438,23452,wavve
1439,10991,wavve
1440,2024,Watcha
1441,1572,Disney Plus
1442,375588,Watcha
1443,153158,Watcha
1444,365222,Watcha
1445,9342,Watcha
1446,513421,Watcha
1447,1588,Watcha
1448,296917,Watcha
1449,1573,Disney Plus
1450,11824,wavve
1451,335360,wavve
1452,460846,Netflix
1453,11887,Disney Plus
1454,9399,Watcha
1455,70435,wavve
1456,18491,Netflix
1457,859453,Netflix
1458,784047,Netflix
1459,227973,Disney Plus
1460,111969,Watcha
1461,264419,Watcha
1462,184125,wavve
1463,207932,Netflix
1464,508642,Watcha
1465,6637,Disney Plus
1466,733317,Watcha
1467,6145,Netflix
1468,254473,Watcha
1469,12182,Watcha
1470,650031,Netflix
1471,309425,Watcha
1472,12599,wavve
1473,22537,Netflix
1474,44727,wavve
1475,13394,Netflix
1476,638449,Netflix
1477,43209,Watcha
1478,152601,Watcha
1479,224746,wavve
1480,2022,Watcha
1481,12536,Disney Plus
1482,70006,Netflix
1483,802226,Amazon Prime Video
1484,520663,Netflix
1485,10330,Disney Plus
1486,484247,Netflix
1487,2059,Disney Plus
1488,747688,Netflix
1489,890601,Netflix
1490,853088,Disney Plus
1491,59860,Disney Plus
1492,37056,Watcha
1493,376660,Watcha
1494,690957,Amazon Prime Video
1495,292280,wavve
1496,419478,Watcha
1497,116149,Watcha
1498,9741,Disney Plus
1499,430040,Watcha
1500,204922,wavve
1501,1268,wavve
1502,340666,Netflix
1503,8078,Disney Plus
1504,537190,wavve
1505,311,Amazon Prime Video
1506,462650,Netflix
1507,17578,Netflix
1508,310307,Watcha
1509,454699,Watcha
1510,541524,Netflix
1511,4982,wavve
1512,302429,Disney Plus
1513,792,Watcha
1514,512895,Disney Plus
1515,965143,Netflix
1516,570508,Watcha
1517,434203,Netflix
1518,390054,Netflix
1519,313369,Watcha
1520,611698,Watcha
1521,38303,Disney Plus
1522,9480,Disney Plus
1523,575604,Netflix
1524,550776,Netflix
1525,295592,Disney Plus
1526,544431,Watcha
1527,581531,Watcha
1528,80184,Netflix
1529,274862,Netflix
1530,357786,Watcha
1531,730028,Watcha
1532,508138,Watcha
1533,256961,Netflix
1534,571627,Watcha
1535,477489,Watcha
1536,355506,Watcha
1537,530382,Netflix
1538,395992,Watcha
1539,449985,Watcha
1540,400106,Netflix
1541,1891,Disney Plus
1542,33217,Disney Plus
1543,8095,Disney Plus
1544,97020,Watcha
1545,49017,wavve
1546,76203,Netflix
1547,376867,Watcha
1548,179053,Watcha
1549,594530,Disney Plus
1550,12405,Watcha
1551,11459,Disney Plus
1552,15283,Netflix
1553,13888,Netflix
1554,1593,Disney Plus
1555,543540,Netflix
1556,447665,Watcha
1557,212167,Watcha
1558,374720,Netflix
1559,752455,Netflix
1560,162092,Watcha
1561,9477,Disney Plus
1562,11533,Netflix
1563,582014,Netflix
1564,9772,Disney Plus
1565,54318,Watcha
1566,13649,Disney Plus
1567,602508,Netflix
1568,310119,Watcha
1569,291549,Watcha
1570,732670,Disney Plus
1571,9339,Watcha
1572,391713,Netflix
1573,613911,Amazon Prime Video
1574,388399,Watcha
1575,345911,Watcha
1576,218836,Disney Plus
1577,286565,Disney Plus
1578,514999,Netflix
1579,157386,Disney Plus
1580,44730,wavve
1581,264660,wavve
1582,24150,wavve
1583,3049,Watcha
1584,315064,Watcha
1585,272693,Watcha
1586,395834,Watcha
1587,754,Disney Plus
1588,769749,Netflix
1589,332567,Netflix
1590,571648,wavve
1591,401513,Watcha
1592,8247,Watcha
1593,955,wavve
1594,734265,Netflix
1595,546121,Watcha
1596,157433,wavve
1597,2501,Watcha
1598,44729,wavve
1599,883648,Netflix
1600,594,Watcha
1601,64328,Disney Plus
1602,722913,Netflix
1603,15137,Amazon Prime Video
1604,536841,wavve
1605,17165,wavve
1606,120467,Disney Plus
1607,552687,Watcha
1608,9387,Disney Plus
1609,454294,Disney Plus
1610,426543,Disney Plus
1611,8055,wavve
1612,1487,Watcha
1613,758866,Watcha
1614,51739,Netflix
1615,409582,Netflix
1616,699102,Netflix
1617,622855,Netflix
1618,328387,wavve
1619,134411,Watcha
1620,22164,wavve
1621,345920,Watcha
1622,788,Disney Plus
1623,408360,Watcha
1624,324670,Netflix
1625,338729,Watcha
1626,201085,wavve
1627,11451,Disney Plus
1628,585381,Amazon Prime Video
1629,287424,Watcha
1630,8975,Disney Plus
1631,277355,wavve
1632,4970,Watcha
1633,316023,Disney Plus
1634,32471,Netflix
1635,438747,Disney Plus
1636,9481,wavve
1637,799497,Netflix
1638,455839,Watcha
1639,400650,Disney Plus
1640,9383,Watcha
1641,5503,wavve
1642,628,wavve
1643,14636,Netflix
1644,39538,Watcha
1645,814,wavve
1646,44115,Disney Plus
1647,390062,Watcha
1648,39057,wavve
1649,284274,Disney Plus
1650,38356,wavve
1651,9714,Disney Plus
1652,187596,Watcha
1653,50321,Disney Plus
1654,44048,Disney Plus
1655,65851,Netflix
1656,283378,wavve
1657,388,Netflix
1658,9711,wavve
1659,643550,Amazon Prime Video
1660,15567,Disney Plus
1661,49047,Watcha
1662,4858,Watcha
1663,4032,Watcha
1664,9392,wavve
1665,347375,Watcha
1666,336882,Watcha
1667,114478,Watcha
1668,428045,Watcha
1669,345,wavve
1670,318846,Disney Plus
1671,438689,wavve
1672,413644,wavve
1673,503619,Netflix
1674,72387,Watcha
1675,8077,Disney Plus
1676,9471,wavve
1677,16553,Watcha
1678,489999,Watcha
1679,581734,Disney Plus
1680,397852,wavve
1681,836691,Disney Plus
1682,2164,Watcha
1683,205587,Watcha
1684,110552,wavve
1685,363676,Watcha
1686,423087,Watcha
1687,340442,Watcha
1688,116745,Disney Plus
1689,513223,Netflix
1690,28355,Netflix
1691,853,Watcha
1692,40807,Watcha
1693,438857,Watcha
1694,81,Netflix
1695,20329,Netflix
1696,10096,Watcha
1697,579583,Netflix
1698,286668,wavve
1699,562,Disney Plus
1700,390051,Watcha
1701,397422,Netflix
1702,809065,Amazon Prime Video
1703,407887,Watcha
1704,768,Disney Plus
1705,583689,Netflix
1706,761270,Netflix
1707,672647,Amazon Prime Video
1708,79707,Watcha
1709,7214,wavve
1710,25278,wavve
1711,77,Watcha
1712,407436,Netflix
1713,9802,Disney Plus
1714,9257,Netflix
1715,36643,wavve
1716,187,wavve
1717,228205,Disney Plus
1718,11007,Disney Plus
1719,11565,Amazon Prime Video
1720,96721,wavve
1721,294652,Watcha
1722,560044,Netflix
1723,239526,Watcha
1724,107985,wavve
1725,8856,Netflix
1726,203801,Watcha
1727,4148,wavve
1728,800669,Netflix
1729,10022,Disney Plus
1730,454,Disney Plus
1731,407375,Netflix
1732,504949,Netflix
1733,300673,Disney Plus
1734,75629,Amazon Prime Video
1735,454458,Watcha
1736,11253,wavve
1737,563,Disney Plus
1738,382591,wavve
1739,16140,wavve
1740,22949,Disney Plus
1741,27,wavve
1742,16535,Watcha
1743,389,Watcha
1744,6977,wavve
1745,602291,Watcha
1746,463821,Watcha
1747,44826,Watcha
1748,619918,Watcha
1749,44244,Disney Plus
1750,1904,Watcha
1751,51481,Netflix
1752,283727,Watcha
1753,1498,wavve
1754,349176,Watcha
1755,2135,Netflix
1756,161,Watcha
1757,10999,Disney Plus
1758,642208,Watcha
1759,522924,Disney Plus
1760,445954,Watcha
1761,433251,Netflix
1762,54540,Disney Plus
1763,500922,Watcha
1764,366924,wavve
1765,381719,Watcha
1766,34067,wavve
1767,266647,Watcha
1768,2502,wavve
1769,516486,Apple TV Plus
1770,16235,wavve
1771,12448,Disney Plus
1772,774372,Netflix
1773,65057,Disney Plus
1774,59118,Watcha
1775,10315,Disney Plus
1776,1892,Disney Plus
1777,515789,Watcha
1778,88,Watcha
1779,407451,Disney Plus
1780,177888,Disney Plus
1781,27022,Disney Plus
1782,194,Netflix
1783,68730,Watcha
1784,559581,Netflix
1785,365942,Watcha
1786,165,wavve
1787,513691,Watcha
1788,25961,wavve
1789,10601,BroadwayHD
1790,114606,wavve
1791,601,Watcha
1792,284289,Watcha
1793,947,Netflix
1794,473033,Netflix
1795,629017,Watcha
1796,489430,wavve
1797,569016,wavve
1798,396806,Netflix
1799,343674,Netflix
1800,660,wavve
1801,582570,Netflix
1802,359940,Disney Plus
1803,649524,Watcha
1804,21385,Disney Plus
1805,15657,Disney Plus
1806,882096,Netflix
1807,547404,Watcha
1808,11212,Disney Plus
1809,339259,Watcha
1810,582596,Netflix
1811,277685,wavve
1812,10665,Watcha
1813,211954,Watcha
1814,890825,Netflix
1815,518764,Netflix
1816,340945,Watcha
1817,60307,Disney Plus
1818,714,wavve
1819,309809,Watcha
1820,504982,Watcha
1821,261470,Watcha
1822,629,wavve
1823,663870,Watcha
1824,533514,Netflix
1825,8965,Disney Plus
1826,293863,Watcha
1827,667,wavve
1828,438551,Watcha
1829,283552,Netflix
1830,448776,Netflix
1831,4638,wavve
1832,499932,Netflix
1833,194662,Disney Plus
1834,36218,wavve
1835,12600,wavve
1836,166268,Watcha
1837,710,wavve
1838,663459,Watcha
1839,11045,Disney Plus
1840,35056,Disney Plus
1841,592041,wavve
1842,2133,Watcha
1843,1584,Watcha
1844,1635,Watcha
1845,10327,wavve
1846,3594,wavve
1847,449563,Netflix
1848,1278,Netflix
1849,221731,Netflix
1850,428099,Watcha
1851,606117,Netflix
1852,227783,Netflix
1853,270774,Watcha
1854,21316,Disney Plus
1855,667969,Amazon Prime Video
1856,242310,wavve
1857,548473,wavve
1858,591538,Apple TV Plus
1859,294272,Disney Plus
1860,50348,wavve
1861,547016,Netflix
1862,708,wavve
1863,515596,Watcha
1864,527660,Watcha
1865,9600,Amazon Prime Video
1866,9476,Watcha
1867,152259,Watcha
1868,205775,Watcha
1869,11636,Watcha
1870,152760,Disney Plus
1871,818659,Netflix
1872,12184,wavve
1873,1995,wavve
1874,7512,Disney Plus
1875,553610,Watcha
1876,852590,Netflix
1877,199584,Watcha
1878,408266,Watcha
1879,290512,Disney Plus
1880,8689,wavve
1881,484886,Watcha
1882,383785,Watcha
1883,240916,Watcha
1884,468225,Netflix
1885,36669,wavve
1886,64682,Watcha
1887,572628,Watcha
1888,438640,Watcha
1889,80278,Watcha
1890,503902,Netflix
1891,369552,Watcha
1892,195590,Watcha
1893,456929,Watcha
1894,535167,Netflix
1895,509585,Amazon Prime Video
1896,458305,Watcha
1897,517096,Watcha
1898,299824,Watcha
1899,345915,Watcha
1900,19576,Watcha
1901,16296,Watcha
1902,659384,Watcha
1903,9659,Netflix
1904,9029,Watcha
1905,9975,Netflix
1906,10200,Disney Plus
1907,335462,Watcha
1908,440472,Amazon Prime Video
1909,485415,Netflix
1910,313943,Watcha
1911,168672,wavve
1912,361292,Amazon Prime Video
1913,785527,Netflix
1914,196,wavve
1915,366445,Watcha
1916,449664,Watcha
1917,8488,Watcha
1918,70868,Watcha
1919,627,wavve
1920,38321,Watcha
1921,508965,Netflix
1922,397837,Watcha
1923,8909,wavve
1924,11569,wavve
1925,7551,Disney Plus
1926,82650,Disney Plus
1927,453,Watcha
1928,656690,Netflix
1929,9472,Disney Plus
1930,463197,wavve
1931,840,Watcha
1932,881,wavve
1933,483202,Netflix
1934,264644,Watcha
1935,10030,Netflix
1936,463116,Watcha
1937,21334,Watcha
1938,203833,Disney Plus
1939,266856,Watcha
1940,376659,Netflix
1941,785976,Netflix
1942,355338,Disney Plus
1943,9798,Disney Plus
1944,77930,wavve
1945,567646,Watcha
1946,1581,Watcha
1947,415842,wavve
1948,14282,wavve
1949,412105,Netflix
1950,381283,Netflix
1951,6947,Disney Plus
1952,533715,Watcha
1953,145220,Disney Plus
1954,9064,wavve
1955,532865,Netflix
1956,21972,Disney Plus
1957,239563,Watcha
1958,6282,Disney Plus
1959,9992,wavve
1960,10216,wavve
1961,95608,Amazon Prime Video
1962,334543,Watcha
1963,11178,Watcha
1964,5549,wavve
1965,1636,Amazon Prime Video
1966,242224,Watcha
1967,11090,wavve
1968,206192,wavve
1969,523777,Netflix
1970,770,wavve
1971,433950,wavve
1972,707,wavve
1973,673595,Disney Plus
1974,572609,Watcha
1975,587,Watcha
1976,446021,Disney Plus
1977,420426,Netflix
1978,339967,Watcha
1979,33875,wavve
1980,475210,Netflix
1981,351211,Watcha
1982,333622,Watcha
1983,172391,Watcha
1984,530254,wavve
1985,423453,Netflix
1986,109491,Watcha
1987,618416,Netflix
1988,582913,Watcha
1989,258284,Watcha
1990,389015,wavve
1991,469721,wavve
1992,449132,Watcha
1993,396263,Netflix
1994,401104,Netflix
1995,581600,Netflix
1996,2567,Watcha
1997,840427,Netflix
1998,488623,Netflix
1999,505600,wavve
2000,146198,Netflix
2001,10950,Watcha
2002,728754,Netflix
2003,9032,Watcha
2004,380,Watcha
2005,225565,wavve
2006,611914,Watcha
2007,282813,Disney Plus
2008,275,wavve
2009,19404,Amazon Prime Video
2010,560527,Watcha
2011,266294,Netflix
2012,204553,Watcha
2013,11011,wavve
2014,23446,wavve
2015,175574,Watcha
2016,11423,Watcha
2017,244506,Watcha
2018,369885,Watcha
2019,50087,wavve
2020,9641,Disney Plus
2021,505707,Watcha
2022,487616,wavve
2023,9461,Netflix
2024,100241,Watcha
2025,340676,Netflix
2026,328111,Watcha
2027,774810,Netflix
2028,436391,Watcha
2029,335788,Watcha
2030,10708,Watcha
2031,575094,Watcha
2032,152584,Watcha
2033,500682,Netflix
2034,979,wavve
2035,399173,wavve
2036,10166,wavve
2037,1639,Disney Plus
2038,25676,Watcha
2039,527261,Watcha
2040,3021,wavve
2041,9560,Disney Plus
2042,11411,wavve
2043,540871,Netflix
2044,785516,Netflix
2045,9354,Disney Plus
2046,227707,Watcha
2047,254320,wavve
2048,384521,Netflix
2049,273248,Netflix
2050,259695,Watcha
2051,288036,wavve
2052,3558,Netflix
2053,413052,wavve
2054,13683,Disney Plus
2055,15789,Disney Plus
2056,8914,Netflix
2057,507569,Netflix
2058,557968,wavve
2059,533,wavve
2060,1597,Netflix
2061,469916,wavve
2062,567,Watcha
2063,19114,wavve
2064,36419,Watcha
2065,396371,Watcha
2066,568,wavve
2067,9871,wavve
2068,12403,Watcha
2069,856,Disney Plus
2070,8536,wavve
2071,220289,Watcha
2072,10637,Disney Plus
2073,763568,Netflix
2074,419831,wavve
2075,21407,wavve
2076,11838,wavve
2077,824,Disney Plus
2078,230179,Watcha
2079,12700,Netflix
2080,11260,Amazon Prime Video
2081,12133,Netflix
2082,871858,Amazon Prime Video
2083,9889,Disney Plus
2084,425336,Watcha
2085,34016,wavve
2086,160588,Watcha
2087,115223,wavve
2088,149509,wavve
2089,736604,Amazon Prime Video
2090,13223,Watcha
2091,614911,Netflix
2092,399170,Watcha
2093,9909,Disney Plus
2094,2005,Disney Plus
2095,497582,Netflix
2096,726664,Netflix
2097,59961,Netflix
2098,537996,Netflix
2099,253,wavve
2100,11918,Watcha
2101,644,Watcha
2102,486131,Netflix
2103,456154,Netflix
2104,441130,Apple TV Plus
2105,698,wavve
2106,59436,Watcha
2107,4476,Netflix
2108,210860,Watcha
2109,336455,Watcha
2110,40211,wavve
2111,88005,Watcha
2112,492188,Netflix
2113,531428,Watcha
2114,768509,Netflix
2115,4442,Watcha
2116,596247,Watcha
2117,398978,Netflix
2118,338766,Watcha
2119,387426,Netflix
2120,874562,Netflix
2121,802443,Netflix
2122,10610,Watcha
2123,392681,Netflix
2124,410718,Disney Plus
2125,22971,Watcha
2126,54445,Netflix
2127,137,Watcha
2128,322,Watcha
2129,504056,Watcha
2130,834500,Netflix
2131,235,Watcha
2132,222461,wavve
2133,14092,Watcha
2134,550738,Watcha
2135,429300,Watcha
2136,417830,Disney Plus
2137,14239,wavve
2138,9966,Watcha
2139,8271,wavve
2140,391,wavve
2141,9313,Watcha
2142,10159,Watcha
2143,433498,Watcha
2144,26945,Watcha
2145,806,Disney Plus
2146,13313,Disney Plus
2147,407445,Netflix
2148,11216,Watcha
2149,26466,Watcha
2150,6978,Disney Plus
2151,387592,Watcha
2152,399057,Watcha
2153,97630,Watcha
2154,4327,Watcha
2155,399174,Disney Plus
2156,4347,Watcha
2157,9426,Disney Plus
2158,376290,Watcha
2159,625169,Netflix
2160,480042,Netflix
2161,499726,Netflix
2162,615665,Netflix
2163,241848,wavve
2164,289,wavve
2165,642121,Watcha
2166,4421,Watcha
2167,466622,Netflix
2168,691,wavve
2169,416234,Watcha
2170,180,Watcha
2171,8009,Watcha
2172,819,Netflix
2173,461928,wavve
2174,699,wavve
2175,416144,Watcha
2176,523139,Netflix
2177,5123,Watcha
2178,67660,Netflix
2179,70074,wavve
2180,874965,Netflix
2181,5176,wavve
2182,8007,Disney Plus
2183,526019,Netflix
2184,8836,Disney Plus
2185,508664,Watcha
2186,376570,Netflix
2187,462,Watcha
2188,503616,Netflix
2189,452507,Netflix
2190,531306,Netflix
2191,401561,Watcha
2192,16221,Watcha
2193,133931,Watcha
2194,544810,Watcha
2195,2110,Watcha
2196,134597,Watcha
2197,9619,wavve
2198,256474,wavve
2199,7552,Watcha
2200,419700,Netflix
2201,622,Watcha
2202,325789,Watcha
2203,846,Disney Plus
2204,968967,Netflix
2205,416148,Netflix
2206,595503,Netflix
2207,380111,Watcha
2208,793998,Watcha
2209,332270,Watcha
2210,509,Watcha
2211,241843,wavve
2212,593035,Netflix
2213,40713,Watcha
2214,1966,Watcha
2215,2277,Watcha
2216,700,wavve
2217,9595,Disney Plus
2218,10647,Watcha
2219,758879,Netflix
2220,1957,Watcha
2221,31867,wavve
2222,432985,Watcha
2223,170522,Watcha
2224,843,Watcha
2225,400617,Netflix
2226,451925,Watcha
2227,3597,Netflix
2228,9946,Disney Plus
2229,531876,Watcha
2230,357411,Watcha
2231,213681,Sun Nxt
2232,18269,Disney Plus
2233,15739,Netflix
2234,485942,Netflix
2235,20766,Watcha
2236,13497,Disney Plus
2237,398181,Watcha
2238,556803,Netflix
2239,227306,Netflix
2240,245917,wavve
2241,18377,Watcha
2242,579188,Watcha
2243,653567,Netflix
2244,658,wavve
2245,401917,Watcha
2246,2330,Netflix
2247,716799,Netflix
2248,71689,Disney Plus
2249,345235,Netflix
2250,581530,wavve
2251,433128,Watcha
2252,681,wavve
2253,448095,Watcha
2254,425505,wavve
2255,564147,wavve
2256,1089,wavve
2257,657,wavve
2258,21734,Watcha
2259,444713,Amazon Prime Video
2260,50456,Watcha
2261,10603,Disney Plus
2262,71859,wavve
2263,15121,Disney Plus
2264,707131,Watcha
2265,4547,Netflix
2266,12162,Watcha
2267,525554,Watcha
2268,707886,Netflix
2269,306819,wavve
2270,19585,Disney Plus
2271,384737,Watcha
2272,429200,Netflix
2273,581032,Netflix
2274,230896,Disney Plus
2275,1266,Amazon Prime Video
2276,3176,wavve
2277,425972,wavve
2278,457799,Netflix
2279,9693,Watcha
2280,353326,Watcha
2281,11358,Watcha
2282,360605,Disney Plus
2283,544,Disney Plus
2284,64252,Mubi
2285,1491,Watcha
2286,431530,Netflix
2287,845422,Netflix
2288,2898,Watcha
2289,254904,Watcha
2290,201676,Watcha
2291,138697,wavve
2292,541305,Netflix
2293,207686,Watcha
2294,9374,Netflix
2295,35558,Disney Plus
2296,40171,Watcha
2297,5915,Watcha
2298,65754,wavve
2299,437033,Netflix
2300,347847,Watcha
2301,746422,Netflix
2302,607844,Netflix
2303,10951,Watcha
2304,301365,wavve
2305,11319,Disney Plus
2306,334533,Watcha
2307,435366,Watcha
2308,668780,Amazon Prime Video
2309,309886,Watcha
2310,384680,Watcha
2311,34065,wavve
2312,9341,Netflix
2313,760873,Watcha
2314,361931,Netflix
2315,682,wavve
2316,449992,Netflix
2317,16320,wavve
2318,317744,Watcha
2319,96724,Watcha
2320,22586,Netflix
2321,48034,Watcha
2322,13767,Disney Plus
2323,9778,Watcha
2324,449574,Watcha
2325,257785,Netflix
2326,13417,Disney Plus
2327,51052,Netflix
2328,561362,wavve
2329,9454,Disney Plus
2330,399366,wavve
2331,6972,Disney Plus
2332,426613,Watcha
2333,77016,wavve
2334,10134,Watcha
2335,11299,Watcha
2336,695958,Netflix
2337,221732,Watcha
2338,410117,Netflix
2339,334541,Watcha
2340,454227,Netflix
2341,504,wavve
2342,4643,Disney Plus
2343,666243,Netflix
2344,10019,wavve
2345,9631,Watcha
2346,12096,wavve
2347,88557,wavve
2348,560964,Watcha
2349,475220,Watcha
2350,10808,Disney Plus
2351,443297,Watcha
2352,467824,Netflix
2353,261392,wavve
2354,582927,Netflix
2355,1858,Watcha
2356,417047,Netflix
2357,255709,Netflix
2358,44725,wavve
2359,227156,Watcha
2360,9884,Netflix
2361,492282,Watcha
2362,403605,Netflix
2363,459910,Watcha
2364,68179,wavve
2365,452910,Watcha
2366,7484,Netflix
2367,529216,Netflix
2368,617505,Netflix
2369,152792,Watcha
2370,914,Mubi
2371,513302,Watcha
2372,686,Watcha
2373,8051,Watcha
2374,537739,Watcha
2375,671295,Netflix
2376,36670,wavve
2377,812592,Netflix
2378,38167,Netflix
2379,291276,Watcha
2380,492719,Watcha
2381,7326,Watcha
2382,507612,Watcha
2383,612152,Netflix
2384,58235,wavve
2385,202575,Watcha
2386,44132,Mubi
2387,71,Watcha
2388,9361,Netflix
2389,325189,Disney Plus
2390,1542,Disney Plus
2391,512901,Watcha
2392,345934,wavve
2393,390061,Watcha
2394,11665,Netflix
2395,25239,wavve
2396,782,Watcha
2397,844398,Watcha
2398,9801,Watcha
2399,381693,Netflix
2400,520318,Watcha
2401,419704,Watcha
2402,487083,Watcha
2403,437543,wavve
2404,647,Watcha
2405,50393,Netflix
2406,595723,Netflix
2407,13027,Netflix
2408,420814,Disney Plus
2409,92499,Watcha
2410,35690,Disney Plus
2411,463906,Netflix
2412,397722,Netflix
2413,9315,Disney Plus
2414,13655,Disney Plus
2415,347866,Watcha
2416,222899,Netflix
2417,339877,Netflix
2418,10663,Disney Plus
2419,451915,Watcha
2420,18501,wavve
2421,429471,Watcha
2422,402298,Watcha
2423,152532,Netflix
2424,9800,Watcha
2425,1251,Watcha
2426,509730,wavve
2427,9666,Watcha
2428,476926,Watcha
2429,4588,wavve
2430,466550,Netflix
2431,97,Disney Plus
2432,300823,Watcha
2433,79,Watcha
2434,745078,Netflix
2435,606625,Watcha
2436,714375,Netflix
2437,743601,Netflix
2438,598896,Netflix
2439,452832,Watcha
2440,585077,Watcha
2441,28211,wavve
2442,406429,Watcha
2443,3683,Watcha
2444,372754,Watcha
2445,668,wavve
2446,14926,Watcha
2447,41210,Watcha
2448,413100,wavve
2449,9272,Disney Plus
2450,425001,Watcha
2451,7345,Watcha
2452,430727,Watcha
2453,390634,wavve
2454,502033,Amazon Prime Video
2455,164,Watcha
2456,8741,Disney Plus
2457,529414,Netflix
2458,11046,Watcha
2459,317557,Disney Plus
2460,534780,Netflix
2461,10590,Watcha
2462,560704,Watcha
2463,460321,Netflix
2464,472715,wavve
2465,410118,Watcha
2466,9913,Netflix
2467,411135,Watcha
2468,10771,wavve
2469,575479,Netflix
2470,11078,Netflix
2471,316154,Netflix
2472,556574,Disney Plus
2473,10331,FilmBox+
2474,327331,Netflix
2475,214030,wavve
2476,527729,Watcha
2477,49526,Watcha
2478,528985,Watcha
2479,9326,Disney Plus
2480,7095,Disney Plus
2481,2640,wavve
2482,315011,Watcha
2483,550440,Disney Plus
2484,4977,Watcha
2485,17431,Watcha
2486,495193,Netflix
2487,416494,Watcha
2488,268092,Watcha
2489,470229,wavve
2490,11104,Watcha
2491,62764,Watcha
2492,1541,wavve
2493,8367,Netflix
2494,257932,Watcha
2495,339380,Watcha
2496,9397,Watcha
2497,146,Watcha
2498,205601,Disney Plus
2499,582186,Netflix
2500,569547,Netflix
2501,9036,Disney Plus
2502,442133,Netflix
2503,178809,wavve
2504,1574,Watcha
2505,13682,Disney Plus
2506,22907,Netflix
2507,754433,Netflix
2508,303903,wavve
2509,259910,Disney Plus
2510,2023,Disney Plus
2511,810731,Netflix
2512,428449,Watcha
2513,502425,Watcha
2514,529962,Netflix
2515,2671,Watcha
2516,5925,Watcha
2517,658009,Watcha
2518,430155,Watcha
2519,192712,wavve
2520,296100,Netflix
2521,390497,Watcha
2522,412157,Watcha
2523,10329,Watcha
2524,36897,wavve
2525,23169,Watcha
2526,592834,Watcha
2527,590,Watcha
2528,514921,Amazon Prime Video
2529,11658,wavve
2530,433249,Netflix
2531,10657,Watcha
2532,1280,Netflix
2533,7516,wavve
2534,546230,Netflix
2535,741434,Netflix
2536,17918,wavve
2537,14873,Disney Plus
2538,2335,Netflix
2539,867,wavve
2540,579741,Netflix
2541,109424,Watcha
2542,1598,Netflix
2543,7299,Watcha
2544,631060,Netflix
2545,64685,Watcha
2546,446354,Watcha
2547,255798,Watcha
2548,9986,wavve
2549,26388,Watcha
2550,481203,Watcha
2551,888910,Netflix
2552,4961,Watcha
2553,414190,Netflix
2554,778870,Netflix
2555,463257,Watcha
2556,571786,Watcha
2557,10589,Netflix
2558,605116,Netflix
2559,500699,Watcha
2560,267467,Watcha
2561,83542,wavve
2562,60308,Netflix
2563,367206,Watcha
2564,2619,Disney Plus
2565,369698,Watcha
2566,400579,Watcha
2567,37247,Watcha
2568,167073,Disney Plus
2569,11282,wavve
2570,11114,Disney Plus
2571,11878,Watcha
2572,77883,Watcha
2573,362826,Watcha
2574,630766,Watcha
2575,18736,Disney Plus
2576,644583,Watcha
2577,494471,Watcha
2578,392,Watcha
2579,39486,Disney Plus
2580,255343,Watcha
2581,551298,Disney Plus
2582,6279,Disney Plus
2583,45317,Watcha
2584,602147,Netflix
2585,2832,Watcha
2586,37933,Netflix
2587,639,Watcha
2588,11001,Watcha
2589,1090,Netflix
2590,10336,Watcha
2591,427900,Watcha
2592,2064,Disney Plus
2593,44865,Watcha
2594,617,wavve
2595,11529,Disney Plus
2596,505948,Netflix
2597,42297,Watcha
2598,290637,Watcha
2599,16690,Disney Plus
2600,423988,Watcha
2601,58151,Disney Plus
2602,13195,Watcha
2603,63492,Amazon Prime Video
2604,571384,wavve
2605,617402,Watcha
2606,16808,wavve
2607,10357,Disney Plus
2608,122126,wavve
2609,346687,Netflix
2610,203739,Watcha
2611,74465,Disney Plus
2612,1360,wavve
2613,12620,Netflix
2614,19,FilmBox+
2615,809970,Netflix
2616,71469,Disney Plus
2617,553,wavve
2618,422803,Netflix
2619,404378,Watcha
2620,331962,wavve
2621,452558,Watcha
2622,9564,Watcha
2623,851281,Netflix
2624,109091,Disney Plus
2625,632322,Netflix
2626,2789,wavve
2627,9384,Watcha
2628,509874,Watcha
2629,688,wavve
2630,269148,Watcha
2631,10923,wavve
2632,538604,Netflix
2633,11713,Watcha
2634,520720,Disney Plus
2635,556984,Netflix
2636,50839,Watcha
2637,562446,Disney Plus
2638,181886,wavve
2639,25237,wavve
2640,455714,Watcha
2641,552178,Watcha
2642,531593,Watcha
2643,1645,Amazon Prime Video
2644,953233,Netflix
2645,245698,Watcha
2646,607836,wavve
2647,22897,Netflix
2648,587693,Netflix
2649,455957,Netflix
2650,42190,Watcha
2651,12163,wavve
2652,395841,Netflix
2653,10995,wavve
2654,4584,Netflix
2655,256962,Watcha
2656,474354,Netflix
2657,368304,Amazon Prime Video
2658,434355,wavve
2659,258480,Netflix
2660,435707,Netflix
2661,82424,Disney Plus
2662,500840,Netflix
2663,565743,Amazon Prime Video
2664,172803,Watcha
2665,76170,Disney Plus
2666,12113,Watcha
2667,436459,Watcha
2668,11005,Watcha
2669,368031,Watcha
2670,421,Disney Plus
2671,76649,Watcha
2672,13378,Disney Plus
2673,250480,Disney Plus
2674,15859,Watcha
2675,295151,Netflix
2676,321741,Netflix
2677,20083,wavve
2678,11835,wavve
2679,7442,Disney Plus
2680,500916,wavve
2681,97787,Watcha
2682,9390,Watcha
2683,10756,Disney Plus
2684,11848,Watcha
2685,505177,Watcha
2686,10861,Netflix
2687,2114,Watcha
2688,936643,Disney Plus
2689,740985,Amazon Prime Video
2690,416477,Watcha
2691,10616,Watcha
2692,122857,wavve
2693,212778,Watcha
2694,1499,wavve
2695,513045,Disney Plus
2696,60672,Watcha
2697,572164,Watcha
2698,239571,Watcha
2699,391698,Watcha
2700,387,Netflix
2701,712,wavve
2702,5550,wavve
2703,2268,Watcha
2704,225574,Watcha
2705,4553,Watcha
2706,10015,wavve
2707,643882,Netflix
2708,291270,wavve
2709,49517,Watcha
2710,59965,Watcha
2711,2253,Watcha
2712,375262,Disney Plus
2713,15655,Disney Plus
2714,9788,wavve
2715,889300,Netflix
2716,723895,Netflix
2717,2395,Watcha
2718,18329,wavve
2719,10735,Watcha
2720,13483,Watcha
2721,298382,Watcha
2722,511785,Netflix
2723,614488,Netflix
2724,11158,Disney Plus
2725,535265,Watcha
2726,9994,Disney Plus
2727,437586,Netflix
2728,12227,Disney Plus
2729,314365,Watcha
2730,332979,Watcha
2731,228973,Watcha
2732,433310,Netflix
2733,275601,Watcha
2734,403300,Disney Plus
2735,11395,Disney Plus
2736,694254,Netflix
2737,9918,Disney Plus
2738,466190,Netflix
2739,10158,Disney Plus
2740,10226,wavve
2741,25376,Watcha
2742,332672,wavve
2743,9574,Disney Plus
2744,1738,Netflix
2745,7461,Watcha
2746,212716,Watcha
2747,9475,wavve
2748,10361,wavve
2749,441531,wavve
2750,134375,Disney Plus
2751,19236,wavve
2752,848724,Cultpix
2753,523773,wavve
2754,263109,Watcha
2755,9833,Watcha
2756,413658,Watcha
2757,335866,Netflix
2758,376866,Netflix
2759,149871,Netflix
2760,718444,Watcha
2761,478860,wavve
2762,6878,Disney Plus
2763,403509,Watcha
2764,2332,Netflix
2765,596161,Netflix
2766,601470,Disney Plus
2767,373569,Disney Plus
2768,550201,Watcha
2769,38050,wavve
2770,9441,Watcha
2771,83389,Netflix
2772,570480,Watcha
2773,682110,Netflix
2774,477033,Netflix
2775,11678,Watcha
2776,424121,Netflix
2777,405177,Watcha
2778,1996,wavve
2779,146239,Disney Plus
2780,2280,Disney Plus
2781,785663,wavve
2782,479259,wavve
2783,2453,wavve
2784,2334,Netflix
2785,787298,Netflix
2786,458737,Watcha
2787,429197,wavve
2788,797,Watcha
2789,610892,Netflix
2790,9035,wavve
2791,612706,Netflix
2792,9919,Watcha
2793,295964,Watcha
2794,661950,Watcha
2795,49797,wavve
2796,409,wavve
2797,776527,Disney Plus
2798,446791,Watcha
2799,2976,Watcha
2800,269955,Watcha
2801,641790,Watcha
2802,410199,Netflix
2803,3109,Watcha
2804,376134,Netflix
2805,273641,Netflix
2806,426426,Netflix
2807,615643,Watcha
2808,530723,wavve
2809,82657,Watcha
2810,9303,wavve
2811,616803,Netflix
2812,229297,Watcha
2813,110,Mubi
2814,806643,Netflix
2815,454992,Watcha
2816,9756,Watcha
2817,298,wavve
2818,866,Watcha
2819,425148,wavve
2820,352492,Netflix
2821,489932,Netflix
2822,71864,Disney Plus
2823,653247,Watcha
2824,611605,Watcha
2825,157834,Watcha
2826,118451,wavve
2827,45657,wavve
2828,553608,Netflix
2829,606,wavve
2830,2118,Amazon Prime Video
2831,76,Watcha
2832,318781,wavve
2833,12707,Watcha
2834,25329,wavve
2835,18311,Watcha
2836,246790,Watcha
2837,8452,Watcha
2838,718840,Netflix
2839,381902,wavve
2840,33196,Watcha
2841,762,Netflix
2842,318121,Netflix
2843,227,Watcha
2844,467936,Netflix
2845,12233,Disney Plus
2846,293,Watcha
2847,611207,Netflix
2848,418078,Watcha
2849,9462,Watcha
2850,823461,Netflix
2851,685264,Netflix
2852,6557,Disney Plus
2853,79698,Watcha
2854,16394,Disney Plus
2855,656563,Netflix
2856,319888,Disney Plus
2857,439,FilmBox+
2858,10997,FilmBox+
2859,85621,wavve
2860,375183,wavve
2861,753230,Netflix
2862,887645,Netflix
2863,12721,Watcha
2864,11385,Watcha
2865,2291,wavve
2866,454652,Watcha
2867,218778,Disney Plus
2868,7303,Watcha
2869,6068,Disney Plus
2870,584044,wavve
2871,10833,FilmBox+
2872,505954,Watcha
2873,72207,wavve
2874,394117,Watcha
2875,100271,Watcha
2876,38567,Watcha
2877,505746,Netflix
2878,582885,Netflix
2879,8844,Netflix
2880,664300,Watcha
2881,528085,Watcha
2882,10057,Disney Plus
2883,921,Disney Plus
2884,336804,Watcha
2885,435577,Netflix
2886,150213,wavve
2887,254302,wavve
2888,583,Netflix
2889,2433,Watcha
2890,9493,Watcha
2891,719410,Netflix
2892,515248,Netflix
2893,457955,Watcha
2894,456750,Netflix
2895,387840,wavve
2896,442056,Watcha
2897,433502,Disney Plus
2898,381341,Watcha
2899,308529,Watcha
2900,378112,Watcha
2901,269494,Watcha
2902,312831,wavve
2903,8195,Watcha
2904,23048,wavve
2905,12123,Disney Plus
2906,9058,Watcha
2907,746957,Netflix
2908,354072,Watcha
2909,614560,Netflix
2910,312791,wavve
2911,628534,Netflix
2912,500904,Watcha
2913,20342,Watcha
2914,97367,wavve
2915,753583,Netflix
2916,340677,Watcha
2917,52274,wavve
2918,396493,Netflix
2919,531503,Netflix
2920,36685,Disney Plus
2921,9665,Netflix
2922,436274,Watcha
2923,608994,wavve
2924,450932,wavve
2925,335791,Netflix
2926,461992,wavve
2927,505904,Disney Plus
2928,456048,wavve
2929,9021,Disney Plus
2930,537788,wavve
2931,502292,Netflix
2932,445962,wavve
2933,4566,Watcha
2934,8054,Watcha
2935,140823,Disney Plus
2936,429476,Watcha
2937,11164,Disney Plus
2938,566222,Netflix
2939,776142,Netflix
2940,18487,Watcha
2941,680058,Disney Plus
2942,597219,Netflix
2943,248574,Watcha
2944,406761,Netflix
2945,623195,Netflix
2946,333352,Watcha
2947,22972,wavve
2948,19959,Disney Plus
2949,353069,wavve
2950,38684,Watcha
2951,11850,Watcha
2952,548,FilmBox+
2953,659067,Netflix
2954,13673,Netflix
2955,790,wavve
2956,10033,Watcha
2957,4561,wavve
2958,19877,Watcha
2959,86825,Disney Plus
2960,55420,Disney Plus
2961,13051,Disney Plus
2962,304023,Watcha
2963,7737,wavve
2964,377263,Watcha
2965,81836,wavve
2966,300602,wavve
2967,156700,Watcha
2968,818370,Disney Plus
2969,357416,Watcha
2970,70578,wavve
2971,10677,Watcha
2972,438798,wavve
2973,462104,Netflix
2974,455551,Watcha
2975,855823,Netflix
2976,8390,wavve
2977,1272,Disney Plus
2978,17379,Watcha
2979,370964,Watcha
2980,431261,Watcha
2981,682666,Disney Plus
2982,415010,Netflix
2983,22947,wavve
2984,4380,Watcha
2985,18725,Watcha
2986,795607,Netflix
2987,847,Disney Plus
2988,508570,Disney Plus
2989,3525,Disney Plus
2990,268920,wavve
2991,392982,Netflix
2992,10323,wavve
2993,664280,Netflix
2994,399300,Watcha
2995,9042,wavve
2996,420648,Watcha
2997,8012,wavve
2998,265016,wavve
2999,466876,Watcha
3000,354251,wavve
3001,403,Watcha
3002,460059,Watcha
3003,328425,Watcha
3004,9410,Disney Plus
3005,9531,wavve
3006,13939,Watcha
3007,12289,Watcha
3008,38117,Watcha
3009,18781,Watcha
3010,10025,Watcha
3011,428446,Watcha
3012,49494,Netflix
3013,472876,wavve
3014,9541,Watcha
3015,627725,Apple TV Plus
3016,19542,Watcha
3017,130925,Disney Plus
3018,586707,Watcha
3019,198277,Watcha
3020,844,wavve
3021,497370,Netflix
3022,340027,Watcha
3023,107235,Watcha
3024,5203,wavve
3025,428399,wavve
3026,10559,Watcha
3027,429191,Watcha
3028,1887,Netflix
3029,414191,Netflix
3030,8963,Disney Plus
3031,941596,Netflix
3032,473637,Netflix
3033,869602,Netflix
3034,381707,Netflix
3035,966,Watcha
3036,359228,Watcha
3037,455650,Watcha
3038,384677,Netflix
3039,15263,FilmBox+
3040,554493,Netflix
3041,489925,Watcha
3042,153,wavve
3043,501907,Watcha
3044,9208,Disney Plus
3045,2046,Watcha
3046,414453,Watcha
3047,400710,Netflix
3048,23759,wavve
3049,34653,Watcha
3050,13931,Disney Plus
3051,1642,Netflix
3052,385332,Disney Plus
3053,637157,Netflix
3054,664996,Netflix
3055,539649,Amazon Prime Video
3056,471014,Netflix
3057,373226,wavve
3058,145,wavve
3059,11509,Netflix
3060,334524,Watcha
3061,567733,Watcha
3062,2026,Watcha
3063,263341,Netflix
3064,369192,Disney Plus
3065,635237,Watcha
3066,506596,Watcha
3067,9433,Disney Plus
3068,11344,wavve
3069,4147,Disney Plus
3070,16411,Watcha
3071,82695,Watcha
3072,13932,Disney Plus
3073,978,Watcha
3074,419706,Watcha
3075,624808,Netflix
3076,280996,Watcha
3077,3035,Classix
3078,975,Watcha
3079,11172,Watcha
3080,168676,Netflix
3081,13455,Watcha
3082,69,Disney Plus
3083,547,Disney Plus
3084,392655,Watcha
3085,541099,Watcha
3086,25539,Watcha
3087,387827,Netflix
3088,571785,Netflix
3089,303858,Watcha
3090,14168,wavve
3091,54555,Watcha
3092,11860,wavve
3093,858,Watcha
3094,9279,Disney Plus
3095,497727,Watcha
3096,395993,Watcha
3097,11132,Disney Plus
3098,341540,Watcha
3099,465003,Netflix
3100,208763,Watcha
3101,22798,Watcha
3102,58244,Watcha
3103,446101,wavve
3104,29917,Watcha
3105,2289,Watcha
3106,450322,wavve
3107,506072,wavve
3108,10837,Disney Plus
3109,4824,Netflix
3110,2447,Watcha
3111,1523,Disney Plus
3112,326285,Watcha
3113,491584,wavve
3114,14429,Disney Plus
3115,491472,Watcha
3116,10775,Watcha
3117,9289,Watcha
3118,249,Disney Plus
3119,355008,Netflix
3120,492,wavve
3121,80038,Watcha
3122,538207,wavve
3123,1725,Watcha
3124,245706,Watcha
3125,9890,Watcha
3126,462919,Netflix
3127,124157,Watcha
3128,1810,Watcha
3129,910,Watcha
3130,783,Netflix
3131,297725,Watcha
3132,515042,Disney Plus
3133,866678,Netflix
3134,650783,Watcha
3135,508330,wavve
3136,11846,Disney Plus
3137,9920,Netflix
3138,115782,Watcha
3139,217923,wavve
3140,10535,Disney Plus
3141,437108,wavve
3142,565716,Netflix
3143,603119,Watcha
3144,455605,wavve
3145,1817,Disney Plus
3146,693158,Watcha
3147,674986,Amazon Prime Video
3148,223,Watcha
3149,10481,Disney Plus
3150,587488,Watcha
3151,18032,Watcha
3152,16614,Watcha
3153,710356,Netflix
3154,349067,Watcha
3155,14903,Disney Plus
3156,302,Netflix
3157,77887,Disney Plus
3158,437620,Watcha
3159,375315,Watcha
3160,641662,Netflix
3161,11076,Watcha
3162,604872,Watcha
3163,420707,Watcha
3164,79548,Watcha
3165,193613,Watcha
3166,447377,Watcha
3167,820,Watcha
3168,527280,Watcha
3169,14140,Disney Plus
3170,340584,Watcha
3171,14337,Mubi
3172,432383,Watcha
3173,468224,Disney Plus
3174,527435,Netflix
3175,392207,Netflix
3176,771305,Netflix
3177,146238,Amazon Prime Video
3178,10461,Netflix
3179,785522,Netflix
3180,230222,Watcha
3181,20235,Disney Plus
3182,433627,Watcha
3183,517093,Watcha
3184,418680,Disney Plus
3185,768141,Disney Plus
3186,595148,Netflix
3187,10048,Watcha
3188,21835,Netflix
3189,586347,Netflix
3190,819500,Netflix
3191,199928,Netflix
3192,11880,Watcha
3193,837,wavve
3194,2018,Watcha
3195,1381,Watcha
3196,530442,Watcha
3197,1694,wavve
3198,526702,Disney Plus
3199,595216,wavve
3200,62215,wavve
3201,613868,Dekkoo
3202,11081,Netflix
3203,402897,Watcha
3204,375107,Watcha
3205,47002,Watcha
3206,443009,Amazon Prime Video
3207,15400,Disney Plus
3208,14249,wavve
3209,658760,Netflix
3210,13061,Disney Plus
3211,773998,Netflix
3212,619441,wavve
3213,514754,Disney Plus
3214,449755,Netflix
3215,575776,Netflix
3216,15384,wavve
3217,51209,wavve
3218,514277,Watcha
3219,13855,Netflix
3220,13836,Disney Plus
3221,382748,Disney Plus
3222,369557,Watcha
3223,454291,Disney Plus
3224,557336,Netflix
3225,776552,Netflix
3226,5994,Watcha
3227,401371,Watcha
3228,455656,Netflix
3229,59981,Watcha
3230,152603,Watcha
3231,14202,Watcha
3232,724989,wavve
3233,651589,Netflix
3234,330483,Watcha
3235,11372,Watcha
3236,165213,wavve
3237,515841,Netflix
3238,526224,Watcha
3239,614587,Watcha
3240,14943,Watcha
3241,748853,Netflix
3242,37257,wavve
3243,376865,wavve
3244,431072,Netflix
3245,791,Netflix
3246,173,Disney Plus
3247,13813,Watcha
3248,9293,Disney Plus
3249,12590,Watcha
3250,74534,Disney Plus
3251,15487,Disney Plus
3252,714869,Watcha
3253,660833,Curiosity Stream
3254,673175,Netflix
3255,8374,wavve
3256,13691,Disney Plus
3257,740996,Netflix
3258,16441,Cultpix
3259,18707,wavve
3260,19972,Watcha
3261,631058,Netflix
3262,9991,wavve
3263,546728,Disney Plus
3264,520541,Watcha
3265,450314,Watcha
3266,332,Disney Plus
3267,232,wavve
3268,455043,Watcha
3269,576,Classix
3270,818356,Disney Plus
3271,12689,Watcha
3272,526007,Watcha
3273,13374,Disney Plus
3274,15080,Netflix
3275,618433,Watcha
3276,476631,Netflix
3277,646332,Watcha
3278,26264,Disney Plus
3279,368182,wavve
3280,10016,wavve
3281,598133,Netflix
3282,411741,Netflix
3283,401847,Disney Plus
3284,270487,Watcha
3285,1907,Disney Plus
3286,409297,Watcha
3287,435841,wavve
3288,658751,Netflix
3289,1213,Netflix
3290,273153,wavve
3291,11976,Amazon Prime Video
3292,15067,Watcha
3293,592867,Netflix
3294,14392,wavve
3295,4474,Watcha
3296,282631,Watcha
3297,42188,Disney Plus
3298,11386,Watcha
3299,522964,wavve
3300,21057,Netflix
3301,178,wavve
3302,559401,wavve
3303,339397,Watcha
3304,51162,Disney Plus
3305,581859,Netflix
3306,85350,Watcha
3307,531454,Netflix
3308,2080,Disney Plus
3309,308504,Watcha
3310,513576,Netflix
3311,4944,wavve
3312,317198,Disney Plus
3313,513584,wavve
3314,521935,Netflix
3315,9587,Watcha
3316,285783,Netflix
3317,31439,Watcha
3318,11336,wavve
3319,485358,Watcha
3320,109,Mubi
3321,463684,Netflix
3322,14299,Watcha
3323,660006,Netflix
3324,28032,Disney Plus
3325,395458,Watcha
3326,197950,Watcha
3327,37725,Watcha
3328,9952,Watcha
3329,13466,wavve
3330,612,Watcha
3331,43933,Watcha
3332,301355,Netflix
3333,496,Disney Plus
3334,586461,Watcha
3335,264525,Netflix
3336,651070,Netflix
3337,10437,Disney Plus
3338,9460,Watcha
3339,9585,Watcha
3340,10766,Disney Plus
3341,37632,Watcha
3342,520454,Watcha
3343,519035,Netflix
3344,528949,Netflix
3345,506863,Watcha
3346,134126,wavve
3347,9722,Watcha
3348,818367,Disney Plus
3349,398177,Watcha
3350,10726,wavve
3351,243,Disney Plus
3352,97434,Watcha
3353,278236,Watcha
3354,653601,Netflix
3355,489927,Netflix
3356,8424,Watcha
3357,11820,Watcha
3358,433247,Netflix
3359,412202,Netflix
3360,16113,wavve
3361,484638,Watcha
3362,13345,Watcha
3363,436994,wavve
3364,241855,Watcha
3365,10869,Disney Plus
3366,15775,Watcha
3367,24803,Netflix
3368,612654,Netflix
3369,33909,Disney Plus
3370,64,wavve
3371,5070,wavve
3372,10414,Disney Plus
3373,22660,Disney Plus
3374,595975,Watcha
3375,10680,Disney Plus
3376,301875,Watcha
3377,22160,Netflix
3378,9945,wavve
3379,521034,Watcha
3380,472983,Netflix
3381,285213,Watcha
3382,158445,wavve
3383,25059,Disney Plus
3384,497916,Netflix
3385,611468,Netflix
3386,15653,Disney Plus
3387,167,Watcha
3388,453127,Watcha
3389,293970,Netflix
3390,515333,Netflix
3391,10911,Watcha
3392,17457,Watcha
3393,347026,Watcha
3394,432976,Netflix
3395,408381,Watcha
3396,14534,Netflix
3397,283587,Netflix
3398,505225,Netflix
3399,421792,Watcha
3400,9703,Watcha
3401,13279,Netflix
3402,458302,Watcha
3403,122081,wavve
3404,64689,wavve
3405,374473,Watcha
3406,4959,Netflix
3407,179,wavve
3408,354859,Watcha
3409,6615,Watcha
3410,576040,Netflix
3411,325173,wavve
3412,9955,wavve
3413,581420,Netflix
3414,242042,Watcha
3415,253235,Watcha
3416,9357,Disney Plus
3417,298031,wavve
3418,13477,Disney Plus
3419,11775,wavve
3420,8665,Watcha
3421,485337,wavve
3422,94047,Watcha
3423,11653,Watcha
3424,174321,wavve
3425,33518,wavve
3426,234,Classix
3427,10876,Disney Plus
3428,339396,Netflix
3429,203,FilmBox+
3430,654754,Apple TV Plus
3431,11888,Disney Plus
3432,801,Disney Plus
3433,34803,Netflix
3434,18843,Disney Plus
3435,457915,Netflix
3436,13493,Disney Plus
3437,489326,Watcha
3438,465109,Netflix
3439,553141,Watcha
3440,695596,Netflix
3441,770742,Netflix
3442,300693,Watcha
3443,347984,Watcha
3444,14136,Disney Plus
3445,113947,Disney Plus
3446,611213,Netflix
3447,338,Watcha
3448,588001,Netflix
3449,310133,Watcha
3450,11425,Disney Plus
3451,454615,Watcha
3452,49953,Watcha
3453,1633,Watcha
3454,902,Watcha
3455,10562,Watcha
3456,24740,wavve
3457,9428,Disney Plus
3458,322240,Watcha
3459,568332,Netflix
3460,653725,Netflix
3461,869768,wavve
3462,411143,Netflix
3463,302150,Watcha
3464,660637,Netflix
3465,336011,Netflix
3466,335578,Watcha
3467,21159,Cultpix
3468,593,Watcha
3469,481375,Netflix
3470,567970,Netflix
3471,330947,wavve
3472,579828,Watcha
3473,433501,wavve
3474,236735,wavve
3475,348678,Watcha
3476,467660,Watcha
3477,949581,Apple TV Plus
3478,241257,Watcha
3479,524738,Netflix
3480,14310,wavve
3481,141043,Watcha
3482,525041,Netflix
3483,683641,Netflix
3484,301,Watcha
3485,523561,Netflix
3486,10761,Watcha
3487,513083,Netflix
3488,475888,Watcha
3489,429733,wavve
3490,17038,wavve
3491,1259,Disney Plus
3492,31685,Classix
3493,55292,wavve
3494,463053,Netflix
3495,31997,wavve
3496,14359,Watcha
3497,68722,wavve
3498,8388,Watcha
3499,411405,Netflix
3500,199373,wavve
3501,49948,Disney Plus
3502,48492,Watcha
3503,442065,Watcha
3504,293646,Watcha
3505,10818,Watcha
3506,4538,Disney Plus
3507,539181,Watcha
3508,939790,Disney Plus
3509,24684,Watcha
3510,3034,Watcha
3511,540158,Watcha
3512,366668,Watcha
3513,340487,Watcha
3514,209263,Disney Plus
3515,752505,Netflix
3516,1649,Watcha
3517,625561,Netflix
3518,274479,Disney Plus
3519,366644,Netflix
3520,13576,Netflix
3521,426285,Netflix
3522,383538,Watcha
3523,430354,Netflix
3524,18374,Watcha
3525,611395,Netflix
3526,392216,Disney Plus
3527,15947,Disney Plus
3528,360029,Netflix
3529,33667,Watcha
3530,3635,Watcha
3531,664416,Apple TV Plus
3532,472744,Watcha
3533,785544,Netflix
3534,418879,Watcha
3535,525657,wavve
3536,327528,Netflix
3537,2977,Watcha
3538,670892,Watcha
3539,435129,Netflix
3540,13184,Watcha
3541,43643,Disney Plus
3542,13969,Amazon Prime Video
3543,14510,wavve
3544,517991,Watcha
3545,514466,Netflix
3546,290751,Watcha
3547,823,wavve
3548,728118,wavve
3549,108,Mubi
3550,437078,wavve
3551,422715,Watcha
3552,253450,Netflix
3553,360737,Watcha
3554,347689,Netflix
3555,463088,Netflix
3556,11113,Netflix
3557,11676,Disney Plus
3558,6003,BroadwayHD
3559,652962,Netflix
3560,505192,Watcha
3561,736759,Netflix
3562,74523,Watcha
3563,571495,Netflix
3564,11162,Watcha
3565,252512,Watcha
3566,601844,wavve
3567,214314,Disney Plus
3568,459616,Watcha
3569,485774,Netflix
3570,86837,Watcha
3571,17277,Watcha
3572,615177,Netflix
3573,35052,wavve
3574,430474,wavve
3575,489929,Watcha
3576,8831,wavve
3577,13310,Watcha
3578,496967,Netflix
3579,503125,Watcha
3580,383709,Watcha
3581,32613,Cultpix
3582,483104,Netflix
3583,845,Watcha
3584,495925,Netflix
3585,170657,Watcha
3586,136,Classix
3587,718400,Watcha
3588,13757,Disney Plus
3589,12583,Watcha
3590,323368,Watcha
3591,256924,Watcha
3592,13768,Disney Plus
3593,390059,wavve
3594,9386,Watcha
3595,296360,Watcha
3596,64720,Watcha
3597,69798,wavve
3598,832,FilmBox+
3599,38357,Watcha
3600,318922,wavve
3601,773,Disney Plus
3602,215180,Watcha
3603,788045,Netflix
3604,505379,Netflix
3605,9694,Watcha
3606,17903,wavve
3607,332340,wavve
3608,472734,Netflix
3609,491283,Netflix
3610,512343,Watcha
3611,8408,wavve
3612,626393,Netflix
3613,11368,Watcha
3614,353979,wavve
3615,12246,Watcha
3616,417760,Watcha
3617,254172,Watcha
3618,9043,Disney Plus
3619,302688,Watcha
3620,430528,Watcha
3621,276843,Watcha
3622,412766,wavve
3623,10257,Watcha
3624,2255,wavve
3625,524348,Amazon Prime Video
3626,164457,wavve
3627,399106,Disney Plus
3628,11893,wavve
3629,270007,Watcha
3630,6961,Watcha
3631,94348,wavve
3632,487476,Netflix
3633,31597,Watcha
3634,22821,Netflix
3635,9456,wavve
3636,484437,wavve
3637,118289,Watcha
3638,9558,wavve
3639,419566,Amazon Prime Video
3640,10782,Watcha
3641,493551,Netflix
3642,2116,Watcha
3643,245538,Watcha
3644,371645,Netflix
3645,15515,Cultpix
3646,407559,Netflix
3647,12090,Disney Plus
3648,14979,wavve
3649,516850,Watcha
3650,224141,Disney Plus
3651,51999,Watcha
3652,523172,Watcha
3653,472838,Netflix
3654,9504,Watcha
3655,5968,wavve
3656,24163,wavve
3657,9779,Watcha
3658,5955,wavve
3659,3177,Watcha
3660,1600,Mubi
3661,532647,wavve
3662,9681,BroadwayHD
3663,12496,Watcha
3664,49214,Watcha
3665,15804,Watcha
3666,11853,Disney Plus
3667,11091,Watcha
3668,323661,Watcha
3669,8202,wavve
3670,1677,wavve
3671,81870,Watcha
3672,245703,Watcha
3673,334517,Netflix
3674,423949,Netflix
3675,2176,Netflix
3676,518772,Watcha
3677,1125,Watcha
3678,509364,Watcha
3679,1913,Watcha
3680,44639,Netflix
3681,309245,Disney Plus
3682,701175,Netflix
3683,701524,Netflix
3684,347629,Watcha
3685,334538,wavve
3686,283601,Watcha
3687,354979,wavve
3688,768939,wavve
3689,470897,Watcha
3690,241258,Watcha
3691,162215,Watcha
3692,46429,wavve
3693,25941,Watcha
3694,503706,wavve
3695,10774,Watcha
3696,892342,Netflix
3697,24480,Disney Plus
3698,429189,Netflix
3699,425591,Netflix
3700,9675,Disney Plus
3701,2760,Classix
3702,152790,Watcha
3703,489931,Watcha
3704,480681,wavve
3705,389053,Netflix
3706,86000,Watcha
3707,378111,Watcha
3708,428125,Watcha
3709,449684,Netflix
3710,11015,wavve
3711,300667,Watcha
3712,10640,Watcha
3713,21349,Disney Plus
3714,9822,Disney Plus
3715,192149,Watcha
3716,115348,Watcha
3717,587424,Watcha
3718,682377,Watcha
3719,5279,Watcha
3720,492452,Watcha
3721,9819,Watcha
3722,29572,Watcha
3723,68727,Disney Plus
3724,76812,wavve
3725,294016,Netflix
3726,471853,Watcha
3727,792517,Netflix
3728,661914,Amazon Prime Video
3729,595,Watcha
3730,566451,Watcha
3731,632,Watcha
3732,429417,wavve
3733,15239,BroadwayHD
3734,9676,Netflix
3735,4485,Watcha
3736,67675,Disney Plus
3737,16198,Netflix
3738,587301,Netflix
3739,823754,Netflix
3740,9427,Disney Plus
3741,340022,Watcha
3742,606234,Watcha
3743,331588,wavve
3744,244063,Watcha
3745,8968,Watcha
3746,209274,Watcha
3747,2284,Watcha
3748,12262,wavve
3749,448194,Watcha
3750,330070,Watcha
3751,82505,Watcha
3752,586940,Netflix
3753,85545,wavve
3754,6964,Netflix
3755,490594,Watcha
3756,437103,Watcha
3757,11577,wavve
3758,469019,Netflix
3759,804,Watcha
3760,940,Classix
3761,339095,Netflix
3762,440397,wavve
3763,18444,Disney Plus
3764,363093,wavve
3765,589612,Watcha
3766,11375,Sun Nxt
3767,454650,Watcha
3768,515743,Netflix
3769,80,wavve
3770,14292,Disney Plus
3771,8849,wavve
3772,78047,Disney Plus
3773,355277,Disney Plus
3774,270010,Netflix
3775,450489,Netflix
3776,1730,Watcha
3777,26515,wavve
3778,394759,Watcha
3779,13187,Apple TV Plus
3780,15077,Netflix
3781,3902,Watcha
3782,773655,Netflix
3783,4688,Watcha
3784,103731,Watcha
3785,39874,wavve
3786,877188,Disney Plus
3787,337154,Netflix
3788,627463,wavve
3789,10898,Disney Plus
3790,515916,Watcha
3791,441393,wavve
3792,962,Mubi
3793,3573,Watcha
3794,643,Classix
3795,250574,Netflix
3796,21183,Watcha
3797,18874,Netflix
3798,4806,Disney Plus
3799,356149,wavve
3800,738646,Netflix
3801,734796,Netflix
3802,479753,wavve
3803,13363,Watcha
3804,8342,Watcha
3805,13706,Disney Plus
3806,499319,Netflix
3807,276905,Watcha
3808,545572,Watcha
3809,330764,Netflix
3810,37753,wavve
3811,454467,Disney Plus
3812,726940,Netflix
3813,415086,Netflix
3814,103332,Disney Plus
3815,554152,Amazon Prime Video
3816,584962,Netflix
3817,599335,Watcha
3818,9710,Watcha
3819,283350,Watcha
3820,661227,Watcha
3821,495601,Watcha
3822,372782,Watcha
3823,91745,Sun Nxt
3824,11431,Disney Plus
3825,866127,Netflix
3826,6973,Watcha
3827,392553,Netflix
3828,283686,Watcha
3829,20771,Disney Plus
3830,30596,Watcha
3831,11549,Watcha
3832,513409,Netflix
3833,315846,Watcha
3834,9314,wavve
3835,20223,Watcha
3836,421560,Netflix
3837,10547,Watcha
3838,156711,Watcha
3839,582876,Watcha
3840,10249,Disney Plus
3841,41245,Netflix
3842,1439,Disney Plus
3843,11560,Amazon Prime Video
3844,306745,Watcha
3845,11854,Amazon Prime Video
3846,507441,Watcha
3847,14423,Netflix
3848,459073,Watcha
3849,45202,Watcha
3850,3083,Watcha
3851,571650,Netflix
3852,363343,Netflix
3853,311667,wavve
3854,28665,Watcha
3855,157370,Netflix
3856,11935,Watcha
3857,10206,Disney Plus
3858,245473,Disney Plus
3859,360814,Netflix
3860,2103,Disney Plus
3861,808228,wavve
3862,675485,Watcha
3863,184352,Mubi
3864,901,Mubi
3865,215211,Watcha
3866,14635,Disney Plus
3867,687,Watcha
3868,12102,Watcha
3869,90369,Watcha
3870,38542,wavve
3871,630220,Netflix
3872,198185,Disney Plus
3873,81440,Disney Plus
3874,527,wavve
3875,566213,Watcha
3876,888917,Netflix
3877,262391,Watcha
3878,86829,Watcha
3879,11209,Watcha
3880,10957,Disney Plus
3881,11232,Watcha
3882,550231,Netflix
3883,457308,Watcha
3884,16455,Watcha
3885,996,Watcha
3886,797309,Netflix
3887,74725,wavve
3888,8398,wavve
3889,1420,Watcha
3890,575417,Apple TV Plus
3891,10510,Disney Plus
3892,631997,Netflix
3893,440918,Netflix
3894,415381,Watcha
3895,283235,Watcha
3896,227700,wavve
3897,14059,Disney Plus
3898,17917,Watcha
3899,403431,Watcha
3900,570661,Watcha
3901,1944,wavve
3902,399894,wavve
3903,485296,Watcha
3904,11518,Amazon Prime Video
3905,10684,Disney Plus
3906,1092,Watcha
3907,260,FilmBox+
3908,145316,Disney Plus
3909,653610,Netflix
3910,768147,Netflix
3911,658777,Netflix
3912,438259,Watcha
3913,2292,wavve
3914,146229,Watcha
3915,26648,wavve
3916,1786,Watcha
3917,399121,Watcha
3918,10800,Watcha
3919,405,Watcha
3920,210911,wavve
3921,281,wavve
3922,2721,Watcha
3923,535356,Netflix
3924,18857,Watcha
3925,13155,Disney Plus
3926,398174,Watcha
3927,141423,Disney Plus
3928,308453,Netflix
3929,37034,Watcha
3930,536396,Watcha
3931,502166,Netflix
3932,711,Watcha
3933,393624,Watcha
3934,17058,FilmBox+
3935,476335,Watcha
3936,364223,Netflix
3937,706503,Netflix
3938,11652,Disney Plus
3939,7304,wavve
3940,248504,wavve
3941,11931,Disney Plus
3942,531509,Netflix
3943,430161,Netflix
3944,13934,Disney Plus
3945,538225,wavve
3946,271404,Watcha
3947,45662,Watcha
3948,154030,Watcha
3949,11184,wavve
3950,19599,wavve
3951,26843,wavve
3952,374671,Watcha
3953,359784,Watcha
3954,2769,Watcha
3955,310569,Watcha
3956,592984,Netflix
3957,333385,wavve
3958,51200,Watcha
3959,16664,Watcha
3960,23367,wavve
3961,323674,Netflix
3962,981,Watcha
3963,686245,Watcha
3964,401,Disney Plus
3965,774054,Netflix
3966,556509,Netflix
3967,41387,Watcha
3968,21629,Netflix
3969,348389,Watcha
3970,401545,Watcha
3971,15709,Watcha
3972,6341,Netflix
3973,1946,wavve
3974,680593,Watcha
3975,432131,Watcha
3976,758902,Netflix
3977,457962,Netflix
3978,4415,Watcha
3979,744738,Watcha
3980,550385,Netflix
3981,413198,wavve
3982,14538,Watcha
3983,634544,Amazon Prime Video
3984,565310,Watcha
3985,225728,Watcha
3986,434119,Watcha
3987,25355,Mubi
3988,10720,Watcha
3989,438145,Watcha
3990,347186,wavve
3991,564638,Watcha
3992,502350,Netflix
3993,250734,BroadwayHD
3994,582,Watcha
3995,17467,wavve
3996,39850,wavve
3997,647785,wavve
3998,8010,wavve
3999,532753,Watcha
4000,12920,Watcha
4001,11940,Cultpix
4002,19403,wavve
4003,10699,Sun Nxt
4004,576920,Netflix
4005,11219,Watcha
4006,139997,True Story
4007,13496,Netflix
4008,209276,wavve
